Batter_ID,Name,Age,Bats,Throws,Team,League,Position,G,PA,AB,R,H,2B,3B,HR,RBI,SB,CS,BB,SO,HBP,SH,SF,IBB,Uploader,Upload_Time,Version,Pic
11,Matt Olson*,28,,,ATL,0,3,162,699,616,86,148,44,0,34,103,0,0,75,170,4,0,4,6,1,2023/11/15 19:08,2022y,
12,Dansby Swanson,28,,,ATL,0,6,162,696,640,99,177,32,1,25,96,18,7,49,182,3,0,4,0,1,2023/11/15 19:08,2022y,
13,Francisco Lindor,28,,,NYM,0,6,161,706,630,98,170,25,5,26,107,16,6,59,133,10,0,7,2,1,2023/11/15 19:08,2022y,
14,Marcus Semien,31,,,TEX,1,4,161,724,657,101,163,31,5,26,83,25,8,53,120,4,0,10,0,1,2023/11/15 19:08,2022y,
15,Pete Alonso,27,,,NYM,0,3,160,685,597,95,162,27,0,40,131,5,1,67,128,12,0,9,16,1,2023/11/15 19:08,2022y,
16,Vladimir Guerrero Jr.,23,,,TOR,1,3,160,706,638,90,175,35,0,32,97,8,3,58,116,6,0,4,6,1,2023/11/15 19:08,2022y,
17,Trea Turner,29,,,LAD,0,6,160,708,652,101,194,39,4,21,100,27,3,45,131,3,0,6,1,1,2023/11/15 19:08,2022y,
18,Christian Walker,31,,,ARI,0,3,160,667,583,84,141,25,2,36,94,2,2,69,131,8,0,7,2,1,2023/11/15 19:08,2022y,
19,Bo Bichette,24,,,TOR,1,6,159,697,652,91,189,43,1,24,93,13,8,41,155,2,0,2,0,1,2023/11/15 19:08,2022y,
110,Freddie Freeman*,32,,,LAD,0,3,159,708,612,117,199,47,2,21,100,13,3,84,102,5,0,7,12,1,2023/11/15 19:08,2022y,
111,Austin Riley,25,,,ATL,0,5,159,693,615,90,168,39,2,38,93,2,0,57,168,17,0,4,1,1,2023/11/15 19:08,2022y,
112,Jake Cronenworth*,28,,,SDP,0,4,158,684,587,88,140,30,4,17,88,3,0,70,131,16,0,8,3,1,2023/11/15 19:08,2022y,
113,Ian Happ,27,,,CHC,0,7,158,641,573,72,155,42,2,17,72,9,4,58,149,6,0,4,4,1,2023/11/15 19:08,2022y,
114,Jose Abreu,35,,,CHW,1,3,157,679,601,85,183,40,0,15,75,0,0,62,110,12,0,4,2,1,2023/11/15 19:08,2022y,
115,Aaron Judge,30,,,NYY,1,8,157,696,570,133,177,28,0,62,131,16,3,111,175,6,0,5,19,1,2023/11/15 19:08,2022y,
116,Nathaniel Lowe*,26,,,TEX,1,3,157,645,593,74,179,26,3,27,76,2,2,48,147,4,0,0,2,1,2023/11/15 19:08,2022y,
117,Shohei Ohtani*,27,,,LAA,1,10,157,666,586,90,160,30,6,34,95,11,9,72,161,5,0,3,14,1,2023/11/15 19:08,2022y,
118,Jose Ramirez,29,,,CLE,1,5,157,685,601,90,168,44,5,29,126,20,7,69,82,6,0,9,20,1,2023/11/15 19:08,2022y,
119,Josh Bell,29,,,TOT,0,3,156,647,552,78,147,29,3,17,71,0,1,81,102,5,0,6,4,1,2023/11/15 19:08,2022y,
120,Adam Frazier*,30,,,SEA,1,4,156,602,541,61,129,22,4,3,42,11,6,46,73,5,4,6,1,1,2023/11/15 19:08,2022y,
121,Adolis Garcia,29,,,TEX,1,9,156,657,605,88,151,34,5,27,101,25,6,40,183,6,0,6,2,1,2023/11/15 19:08,2022y,
122,Rhys Hoskins,29,,,PHI,0,3,156,672,589,81,145,33,2,30,79,2,1,72,169,6,0,4,0,1,2023/11/15 19:08,2022y,
123,Cedric Mullins*,27,,,BAL,1,8,156,672,608,89,157,32,4,16,64,34,10,47,126,9,1,5,2,1,2023/11/15 19:08,2022y,
124,Alex Bregman,28,,,HOU,1,5,155,656,548,93,142,38,0,23,93,1,2,87,77,11,0,10,1,1,2023/11/15 19:08,2022y,
125,Matt Chapman,29,,,TOR,1,5,155,621,538,83,123,27,1,27,76,2,2,68,170,10,0,5,1,1,2023/11/15 19:08,2022y,
126,Kyle Schwarber*,29,,,PHI,0,7,155,669,577,100,126,21,3,46,94,10,1,86,200,4,0,2,3,1,2023/11/15 19:08,2022y,
127,Christian Yelich*,30,,,MIL,0,7,154,671,575,99,145,25,4,14,57,19,3,88,162,5,1,2,5,1,2023/11/15 19:08,2022y,
128,Randy Arozarena,27,,,TBR,1,7,153,645,586,72,154,41,3,20,89,32,12,46,156,11,0,2,2,1,2023/11/15 19:08,2022y,
129,Tommy Edman,27,,,STL,0,4,153,630,577,95,153,31,4,13,57,32,3,46,111,5,1,1,2,1,2023/11/15 19:08,2022y,
130,Ryan McMahon*,27,,,COL,0,5,153,597,529,67,130,23,3,20,67,7,3,60,158,5,0,3,0,1,2023/11/15 19:08,2022y,
131,Amed Rosario,26,,,CLE,1,6,153,670,637,86,180,26,9,11,71,18,4,25,111,4,0,4,0,1,2023/11/15 19:08,2022y,
132,Juan Soto*,23,,,TOT,0,9,153,664,524,93,127,25,2,27,62,6,2,135,96,4,0,0,6,1,2023/11/15 19:08,2022y,
133,Rowdy Tellez*,27,,,MIL,0,3,153,599,529,67,116,23,0,35,89,2,1,62,121,5,0,3,9,1,2023/11/15 19:08,2022y,
134,Alec Bohm,25,,,PHI,0,5,152,631,586,79,164,24,3,13,72,2,3,31,110,4,0,10,1,1,2023/11/15 19:08,2022y,
135,Trent Grisham*,25,,,SDP,0,8,152,524,451,58,83,16,2,17,53,7,1,57,150,7,7,2,1,1,2023/11/15 19:08,2022y,
136,Jurickson Profar,29,,,SDP,0,7,152,658,575,82,140,36,2,15,58,5,1,73,103,4,3,3,0,1,2023/11/15 19:08,2022y,
137,Anthony Santander,27,,,BAL,1,9,152,647,574,78,138,24,0,33,89,0,2,55,122,13,0,5,1,1,2023/11/15 19:08,2022y,
138,Myles Straw,27,,,CLE,1,8,152,596,535,72,118,22,3,0,32,21,1,54,87,1,2,4,0,1,2023/11/15 19:08,2022y,
139,Alex Verdugo*,26,,,BOS,1,7,152,644,593,75,166,39,1,11,74,1,3,42,86,3,0,6,2,1,2023/11/15 19:08,2022y,
140,Wilmer Flores,30,,,SFG,0,4,151,602,525,72,120,28,1,19,71,0,0,59,103,11,0,7,1,1,2023/11/15 19:08,2022y,
141,Paul Goldschmidt,34,,,STL,0,3,151,651,561,106,178,41,0,35,115,7,0,79,141,5,0,4,1,1,2023/11/15 19:08,2022y,
142,Brandon Nimmo*,29,,,NYM,0,8,151,673,580,102,159,30,7,16,64,3,2,71,116,16,3,3,0,1,2023/11/15 19:08,2022y,
143,Corey Seager*,28,,,TEX,1,6,151,663,593,91,145,24,1,33,83,3,0,58,103,7,0,5,7,1,2023/11/15 19:08,2022y,
144,Daulton Varsho*,25,,,ARI,0,9,151,592,531,79,125,23,3,27,74,16,6,46,145,7,2,5,0,1,2023/11/15 19:08,2022y,
145,Xander Bogaerts,29,,,BOS,1,6,150,631,557,84,171,38,0,15,73,8,2,57,118,10,0,7,2,1,2023/11/15 19:08,2022y,
146,Seth Brown*,29,,,OAK,1,3,150,555,500,55,115,26,3,25,73,11,2,51,146,3,0,1,3,1,2023/11/15 19:08,2022y,
147,C.J. Cron,32,,,COL,0,3,150,632,575,79,148,28,3,29,102,0,0,43,164,8,0,5,6,1,2023/11/15 19:08,2022y,
148,Ha-Seong Kim,26,,,SDP,0,6,150,582,517,58,130,29,3,11,59,12,2,51,100,7,3,4,0,1,2023/11/15 19:08,2022y,
149,Manny Machado,29,,,SDP,0,5,150,644,578,100,172,37,1,32,102,9,1,63,133,1,0,2,10,1,2023/11/15 19:08,2022y,
150,Jorge Mateo,27,,,BAL,1,6,150,533,494,63,109,25,7,13,50,35,9,27,147,5,3,2,0,1,2023/11/15 19:08,2022y,
151,Eugenio Suarez,30,,,SEA,1,5,150,629,543,76,128,24,2,31,87,0,0,73,196,8,0,5,0,1,2023/11/15 19:08,2022y,
152,Kyle Tucker*,25,,,HOU,1,9,150,609,544,71,140,28,1,30,107,25,4,59,95,1,0,2,4,1,2023/11/15 19:08,2022y,
153,Bobby Witt,22,,,KCR,1,6,150,632,591,82,150,31,6,20,80,30,7,30,135,6,0,5,2,1,2023/11/15 19:08,2022y,
154,Elvis Andrus,33,,,TOT,1,6,149,577,535,66,133,32,0,17,58,18,4,39,92,3,0,0,0,1,2023/11/15 19:08,2022y,
155,Nolan Arenado,31,,,STL,0,5,148,620,557,73,163,42,1,30,103,5,3,52,72,7,0,4,3,1,2023/11/15 19:08,2022y,
156,Jeff McNeil*,30,,,NYM,0,4,148,589,533,73,174,39,1,9,62,4,0,40,61,11,0,5,1,1,2023/11/15 19:08,2022y,
157,Sean Murphy,27,,,OAK,1,2,148,612,537,67,134,37,2,18,66,1,0,56,124,13,0,5,2,1,2023/11/15 19:08,2022y,
158,Geraldo Perdomo,22,,,ARI,0,6,148,500,431,58,84,10,2,5,40,9,2,50,103,5,12,2,0,1,2023/11/15 19:08,2022y,
159,Mike Yastrzemski*,31,,,SFG,0,9,148,558,485,73,104,31,2,17,57,5,1,61,141,5,1,6,0,1,2023/11/15 19:08,2022y,
160,Cesar Hernandez,32,,,WSN,0,4,147,617,560,64,139,28,4,1,34,10,4,45,114,7,3,2,0,1,2023/11/15 19:08,2022y,
161,Tony Kemp*,30,,,OAK,1,4,147,558,497,61,117,24,2,7,46,11,1,45,69,8,5,3,0,1,2023/11/15 19:08,2022y,
162,Steven Kwan*,24,,,CLE,1,7,147,638,563,89,168,25,7,6,52,19,5,62,60,7,2,4,2,1,2023/11/15 19:08,2022y,
163,Andres Gimenez*,23,,,CLE,1,4,146,557,491,66,146,26,3,17,69,20,3,34,112,25,4,3,4,1,2023/11/15 19:08,2022y,
164,Yuli Gurriel,38,,,HOU,1,3,146,584,545,53,132,40,0,8,53,8,0,30,73,6,0,3,0,1,2023/11/15 19:08,2022y,
165,Lane Thomas,26,,,WSN,0,7,146,548,498,62,120,26,2,17,52,8,4,41,132,4,0,5,0,1,2023/11/15 19:08,2022y,
166,J.P. Crawford*,27,,,SEA,1,6,145,603,518,57,126,24,3,6,42,3,2,68,80,10,2,5,0,1,2023/11/15 19:08,2022y,
167,Kyle Farmer,31,,,CIN,0,6,145,583,526,58,134,25,1,14,78,4,3,33,99,16,2,6,0,1,2023/11/15 19:08,2022y,
168,Austin Hays,26,,,BAL,1,7,145,582,535,66,134,35,2,16,60,2,4,34,114,10,0,3,0,1,2023/11/15 19:08,2022y,
169,Ryan Mountcastle,25,,,BAL,1,3,145,609,555,62,139,28,1,22,85,4,1,43,154,4,0,7,1,1,2023/11/15 19:08,2022y,
170,Bryan Reynolds,27,,,PIT,0,8,145,614,542,74,142,19,4,27,62,7,3,56,141,14,0,2,6,1,2023/11/15 19:08,2022y,
171,Luis Arraez*,25,,,MIN,1,3,144,603,547,88,173,31,1,8,49,4,4,50,43,3,0,3,2,1,2023/11/15 19:08,2022y,
172,Javier Baez,29,,,DET,1,6,144,590,555,64,132,27,4,17,67,9,2,26,147,6,0,3,1,1,2023/11/15 19:08,2022y,
173,Cody Bellinger*,26,,,LAD,0,8,144,550,504,70,106,27,3,19,68,14,3,38,150,2,0,6,0,1,2023/11/15 19:08,2022y,
174,Tommy Pham,34,,,TOT,2,7,144,622,554,89,131,23,1,17,63,8,3,56,167,7,0,5,0,1,2023/11/15 19:08,2022y,
175,Gio Urshela,30,,,MIN,1,5,144,551,501,61,143,27,3,13,64,1,0,41,96,2,0,7,2,1,2023/11/15 19:08,2022y,
176,Trey Mancini,30,,,TOT,1,10,143,587,519,56,124,23,1,18,63,0,0,53,135,10,0,5,2,1,2023/11/15 19:08,2022y,
177,Mookie Betts,29,,,LAD,0,9,142,639,572,117,154,40,3,35,82,12,2,55,104,8,0,4,0,1,2023/11/15 19:08,2022y,
178,Isiah Kiner-Falefa,27,,,NYY,1,6,142,531,483,66,126,20,0,4,48,22,4,35,72,5,3,5,2,1,2023/11/15 19:08,2022y,
179,Taylor Walls,25,,,TBR,1,6,142,466,407,53,70,18,2,8,33,10,3,52,120,2,2,2,0,1,2023/11/15 19:08,2022y,
180,Jose Altuve,32,,,HOU,1,4,141,604,527,103,158,39,0,28,57,18,1,66,87,10,0,1,2,1,2023/11/15 19:08,2022y,
181,Rafael Devers*,25,,,BOS,1,5,141,614,555,84,164,42,1,27,88,3,1,50,114,6,0,3,11,1,2023/11/15 19:08,2022y,
182,Nicky Lopez*,27,,,KCR,1,4,141,480,436,51,99,12,4,0,20,13,3,29,63,4,10,1,0,1,2023/11/15 19:08,2022y,
183,Mark Canha,33,,,NYM,0,7,140,542,462,71,123,24,0,13,61,3,1,48,97,28,0,4,1,1,2023/11/15 19:08,2022y,
184,Thairo Estrada,26,,,SFG,0,4,140,541,488,71,127,22,2,14,62,21,6,33,89,14,1,5,0,1,2023/11/15 19:08,2022y,
185,Ty France,27,,,SEA,1,3,140,613,551,65,151,27,1,20,83,0,0,35,94,21,0,5,3,1,2023/11/15 19:08,2022y,
186,Randal Grichuk,30,,,COL,0,9,140,538,506,60,131,21,3,19,73,4,0,24,127,6,0,2,0,1,2023/11/15 19:08,2022y,
187,Miguel Rojas,33,,,MIA,0,6,140,507,471,34,111,19,2,6,36,9,3,26,61,6,1,3,1,1,2023/11/15 19:08,2022y,
188,Gleyber Torres,25,,,NYY,1,4,140,572,526,73,135,28,1,24,76,10,5,39,129,3,1,3,2,1,2023/11/15 19:08,2022y,
189,Willy Adames,26,,,MIL,0,6,139,617,563,83,134,31,0,31,98,8,3,49,166,1,0,4,3,1,2023/11/15 19:08,2022y,
190,Alejandro Kirk,23,,,TOR,1,2,139,541,470,59,134,19,0,14,63,0,0,63,58,4,0,4,2,1,2023/11/15 19:08,2022y,
191,J.D. Martinez,34,,,BOS,1,10,139,596,533,76,146,43,1,16,62,0,0,52,145,5,0,5,1,1,2023/11/15 19:08,2022y,
192,Whit Merrifield,33,,,TOT,1,4,139,550,504,70,126,28,1,11,58,16,5,38,85,0,0,8,0,1,2023/11/15 19:08,2022y,
193,J.T. Realmuto,31,,,PHI,0,2,139,562,504,75,139,26,5,22,84,21,1,41,119,12,0,5,1,1,2023/11/15 19:08,2022y,
194,Brandon Drury,29,,,TOT,0,5,138,568,518,87,136,31,2,28,87,2,3,38,126,8,0,4,0,1,2023/11/15 19:08,2022y,
195,AJ Pollock,34,,,CHW,1,7,138,527,489,61,120,26,1,14,56,3,1,32,98,2,0,4,0,1,2023/11/15 19:08,2022y,
196,Yandy Diaz,30,,,TBR,1,5,137,558,473,71,140,33,0,9,57,3,3,78,60,6,0,1,2,1,2023/11/15 19:08,2022y,
197,Ketel Marte,28,,,ARI,0,4,137,558,492,68,118,42,2,12,52,5,1,55,101,6,0,5,3,1,2023/11/15 19:08,2022y,
198,Brendan Rodgers,25,,,COL,0,4,137,581,527,72,140,30,3,13,63,0,0,46,101,3,0,5,0,1,2023/11/15 19:08,2022y,
199,Will Smith,27,,,LAD,0,2,137,578,508,68,132,26,3,24,87,1,0,56,96,10,0,4,4,1,2023/11/15 19:08,2022y,
1100,Nick Castellanos,30,,,PHI,0,9,136,558,524,56,138,27,0,13,62,7,1,29,130,3,0,2,0,1,2023/11/15 19:08,2022y,
1101,Carlos Correa,27,,,MIN,1,6,136,590,522,70,152,24,1,22,64,0,1,61,121,3,0,4,2,1,2023/11/15 19:08,2022y,
1102,Eduardo Escobar,33,,,NYM,0,5,136,542,495,58,119,26,4,20,69,0,2,40,129,1,0,6,3,1,2023/11/15 19:08,2022y,
1103,Nick Gordon*,26,,,MIN,1,7,136,443,405,45,110,28,4,9,50,6,4,19,105,10,3,6,1,1,2023/11/15 19:08,2022y,
1104,Ke'Bryan Hayes,25,,,PIT,0,5,136,560,505,55,123,24,3,7,41,20,5,48,122,5,0,2,0,1,2023/11/15 19:08,2022y,
1105,Max Muncy*,31,,,LAD,0,5,136,565,464,69,91,22,1,21,69,2,0,90,141,5,0,6,1,1,2023/11/15 19:08,2022y,
1106,Jeremy Pena,24,,,HOU,1,6,136,558,521,72,132,20,2,22,63,11,2,22,135,6,1,5,0,1,2023/11/15 19:08,2022y,
1107,Jesse Winker*,28,,,SEA,1,7,136,547,456,51,100,15,0,14,53,0,0,84,103,4,0,3,1,1,2023/11/15 19:08,2022y,
1108,Yordan Alvarez*,25,,,HOU,1,10,135,561,470,95,144,29,2,37,97,1,1,78,106,6,0,7,9,1,2023/11/15 19:08,2022y,
1109,Charlie Blackmon*,35,,,COL,0,10,135,577,530,60,140,22,6,16,78,4,1,32,109,8,4,3,4,1,2023/11/15 19:08,2022y,
1110,Santiago Espinal,27,,,TOR,1,4,135,491,449,51,120,25,0,7,51,6,6,36,68,2,1,3,1,1,2023/11/15 19:08,2022y,
1111,Nico Hoerner,25,,,CHC,0,6,135,517,481,60,135,22,5,10,55,20,2,28,57,6,0,2,4,1,2023/11/15 19:08,2022y,
1112,Rougned Odor*,28,,,BAL,1,4,135,472,426,49,88,19,3,13,53,6,1,32,109,10,0,4,1,1,2023/11/15 19:08,2022y,
1113,Luke Voit,31,,,TOT,0,10,135,568,500,55,113,22,0,22,69,1,1,55,179,7,0,6,1,1,2023/11/15 19:08,2022y,
1114,Taylor Ward,28,,,LAA,1,9,135,564,495,73,139,22,2,23,65,5,3,60,120,4,0,5,0,1,2023/11/15 19:08,2022y,
1115,Brandon Marsh*,24,,,TOT,2,7,134,461,424,49,104,18,4,11,52,10,4,28,158,3,3,3,1,1,2023/11/15 19:08,2022y,
1116,Andrew McCutchen,35,,,MIL,0,10,134,580,515,66,122,25,0,17,69,8,6,57,124,4,0,4,1,1,2023/11/15 19:08,2022y,
1117,Joc Pederson*,30,,,SFG,0,7,134,433,380,57,104,19,3,23,70,3,2,42,100,7,0,4,3,1,2023/11/15 19:08,2022y,
1118,David Peralta*,34,,,TOT,2,7,134,490,439,39,110,30,3,12,59,1,3,41,114,4,0,6,5,1,2023/11/15 19:08,2022y,
1119,Andrew Vaughn,24,,,CHW,1,9,134,555,510,60,138,28,1,17,76,0,0,31,96,9,0,5,0,1,2023/11/15 19:08,2022y,
1120,Patrick Wisdom,30,,,CHC,0,5,134,534,469,67,97,28,0,25,66,8,4,53,183,9,1,2,1,1,2023/11/15 19:08,2022y,
1121,Kolten Wong*,31,,,MIL,0,4,134,497,430,65,108,24,4,15,47,17,6,46,88,14,2,5,2,1,2023/11/15 19:08,2022y,
1122,George Springer,32,,,TOR,1,8,133,583,513,89,137,22,4,25,76,14,2,54,100,7,0,5,1,1,2023/11/15 19:08,2022y,
1123,Josh Donaldson,36,,,NYY,1,5,132,546,478,59,106,28,0,15,62,2,2,54,148,8,0,6,1,1,2023/11/15 19:08,2022y,
1124,Victor Robles,25,,,WSN,0,8,132,407,366,42,82,10,2,6,33,15,4,17,104,9,11,4,0,1,2023/11/15 19:08,2022y,
1125,Julio Rodriguez,21,,,SEA,1,8,132,560,511,84,145,25,3,28,75,25,7,40,145,8,0,1,4,1,2023/11/15 19:08,2022y,
1126,Jackie Bradley Jr.*,32,,,TOT,1,9,131,370,344,30,70,23,1,4,38,2,3,24,77,0,2,0,0,1,2023/11/15 19:08,2022y,
1127,Teoscar Hernandez,29,,,TOR,1,9,131,535,499,71,133,35,1,25,77,6,3,34,152,2,0,0,0,1,2023/11/15 19:08,2022y,
1128,Carlos Santana,36,,,TOT,1,3,131,506,431,52,87,18,0,19,60,0,0,71,88,2,0,2,2,1,2023/11/15 19:08,2022y,
1129,Jonathan Schoop,30,,,DET,1,4,131,510,481,48,97,23,1,11,38,5,0,19,107,6,0,4,1,1,2023/11/15 19:08,2022y,
1130,Aaron Hicks,32,,,NYY,1,8,130,453,384,54,83,9,2,8,40,10,3,62,109,4,1,2,3,1,2023/11/15 19:08,2022y,
1131,Owen Miller,25,,,CLE,1,3,130,472,424,53,103,26,1,6,51,2,0,32,93,7,0,9,1,1,2023/11/15 19:08,2022y,
1132,Anthony Rizzo*,32,,,NYY,1,3,130,548,465,77,104,21,1,32,75,6,5,58,101,23,0,2,6,1,2023/11/15 19:08,2022y,
1133,Daniel Vogelbach*,29,,,TOT,0,10,130,461,386,47,92,19,1,18,59,0,0,73,114,1,0,1,2,1,2023/11/15 19:08,2022y,
1134,Jesus Aguilar,32,,,TOT,2,3,129,507,464,39,109,19,0,16,51,1,0,28,119,4,0,5,1,1,2023/11/15 19:08,2022y,
1135,Michael Chavis,26,,,PIT,0,3,129,426,401,39,92,16,3,14,49,1,1,19,126,2,0,4,1,1,2023/11/15 19:08,2022y,
1136,Robbie Grossman,32,,,TOT,2,7,129,477,411,40,86,19,1,7,45,6,2,56,129,6,0,4,0,1,2023/11/15 19:08,2022y,
1137,Gavin Lux*,24,,,LAD,0,4,129,471,421,66,116,20,7,6,42,7,2,47,95,0,0,3,0,1,2023/11/15 19:08,2022y,
1138,MJ Melendez*,23,,,KCR,1,2,129,534,460,57,100,21,3,18,62,2,3,66,131,1,0,7,1,1,2023/11/15 19:08,2022y,
1139,Dylan Carlson,23,,,STL,0,8,128,488,432,56,102,30,4,8,42,5,2,45,94,7,0,4,1,1,2023/11/15 19:08,2022y,
1140,Hunter Dozier,30,,,KCR,1,3,128,500,462,51,109,26,4,12,41,4,3,34,125,3,0,1,0,1,2023/11/15 19:08,2022y,
1141,Gary Sanchez,29,,,MIN,1,2,128,471,419,42,86,24,0,16,61,2,0,40,136,7,0,5,0,1,2023/11/15 19:08,2022y,
1142,Raimel Tapia*,28,,,TOR,1,7,128,433,411,47,109,20,3,7,52,8,2,16,81,0,3,1,0,1,2023/11/15 19:08,2022y,
1143,Justin Turner,37,,,LAD,0,5,128,532,468,61,130,36,0,13,81,3,0,50,89,6,0,8,1,1,2023/11/15 19:08,2022y,
1144,Jonah Heim,27,,,TEX,1,2,127,450,406,51,92,20,1,16,48,2,0,41,87,1,0,2,0,1,2023/11/15 19:08,2022y,
1145,Luis Rengifo,25,,,LAA,1,4,127,511,489,45,129,22,4,17,52,6,2,17,79,4,1,0,0,1,2023/11/15 19:08,2022y,
1146,Bryson Stott*,24,,,PHI,0,6,127,466,427,58,100,19,2,10,49,12,4,36,89,1,1,1,0,1,2023/11/15 19:08,2022y,
1147,Andrew Benintendi*,27,,,TOT,1,7,126,521,461,54,140,23,3,5,51,8,3,52,77,2,1,5,0,1,2023/11/15 19:08,2022y,
1148,Brendan Donovan*,25,,,STL,0,4,126,468,391,64,110,21,1,5,45,2,3,60,70,14,1,2,1,1,2023/11/15 19:08,2022y,
1149,Joey Gallo*,28,,,TOT,2,7,126,410,350,48,56,8,2,19,47,3,0,56,163,3,0,1,0,1,2023/11/15 19:08,2022y,
1150,Kole Calhoun*,34,,,TEX,1,9,125,424,388,36,76,14,1,12,49,3,2,27,136,6,0,3,0,1,2023/11/15 19:08,2022y,
1151,DJ LeMahieu,33,,,NYY,1,5,125,541,467,74,122,18,0,12,46,4,3,67,71,4,1,2,0,1,2023/11/15 19:08,2022y,
1152,Jose Miranda,24,,,MIN,1,3,125,483,444,45,119,25,0,15,66,1,1,28,91,10,0,1,0,1,2023/11/15 19:08,2022y,
1153,Hunter Renfroe,30,,,MIL,0,9,125,522,474,62,121,23,1,29,72,1,1,39,121,4,2,3,1,1,2023/11/15 19:08,2022y,
1154,Josh Rojas*,28,,,ARI,0,5,125,510,443,66,119,25,1,9,56,23,3,55,98,2,5,5,2,1,2023/11/15 19:08,2022y,
1155,Austin Slater,29,,,SFG,0,8,125,325,277,49,73,15,2,7,34,12,1,40,89,6,0,2,0,1,2023/11/15 19:08,2022y,
1156,Andrew Velazquez,27,,,LAA,1,6,125,349,322,37,63,8,0,9,28,17,1,15,119,3,6,3,0,1,2023/11/15 19:08,2022y,
1157,Jeimer Candelario,28,,,DET,1,5,124,467,429,49,93,19,2,13,50,0,1,28,109,6,0,4,1,1,2023/11/15 19:08,2022y,
1158,Nelson Cruz,41,,,WSN,0,10,124,507,448,50,105,16,0,10,64,4,0,49,119,4,0,3,1,1,2023/11/15 19:08,2022y,
1159,Marcell Ozuna,31,,,ATL,0,10,124,507,470,56,106,19,0,23,56,2,1,31,122,2,0,4,0,1,2023/11/15 19:08,2022y,
1160,Gavin Sheets*,26,,,CHW,1,9,124,410,377,34,91,19,0,15,53,0,0,27,86,3,0,3,0,1,2023/11/15 19:08,2022y,
1161,Michael A. Taylor,31,,,KCR,1,8,124,456,414,49,105,10,3,9,43,4,2,35,109,2,2,3,0,1,2023/11/15 19:08,2022y,
1162,Gilberto Celestino,23,,,MIN,1,8,122,347,311,30,74,12,1,2,24,4,1,32,77,2,2,0,0,1,2023/11/15 19:08,2022y,
1163,Josh Naylor*,25,,,CLE,1,3,122,498,449,47,115,28,0,20,79,6,1,38,80,6,0,5,4,1,2023/11/15 19:08,2022y,
1164,Lourdes Gurriel Jr.,28,,,TOR,1,7,121,493,453,52,132,32,1,5,52,3,4,31,83,6,0,2,1,1,2023/11/15 19:08,2022y,
1165,Harold Castro*,28,,,DET,1,3,120,443,420,37,114,21,2,7,47,0,1,17,79,1,3,2,1,1,2023/11/15 19:08,2022y,
1166,Harold Ramirez,27,,,TBR,1,10,120,435,403,46,121,24,0,6,58,3,5,19,72,9,0,4,1,1,2023/11/15 19:08,2022y,
1167,Tyrone Taylor,28,,,MIL,0,8,120,405,373,49,87,21,3,17,51,3,2,22,102,7,0,3,0,1,2023/11/15 19:08,2022y,
1168,Ronald Acuna Jr.,24,,,ATL,0,9,119,533,467,71,124,24,0,15,50,29,11,53,126,10,0,3,4,1,2023/11/15 19:08,2022y,
1169,Garrett Cooper,31,,,MIA,0,3,119,469,414,37,108,33,2,9,50,0,0,40,119,10,0,5,0,1,2023/11/15 19:08,2022y,
1170,Adam Engel,30,,,CHW,1,8,119,260,245,32,55,13,1,2,17,12,4,11,76,4,0,0,1,1,2023/11/15 19:08,2022y,
1171,Josh Harrison,34,,,CHW,1,4,119,425,386,50,99,19,2,7,27,2,1,21,71,14,2,2,0,1,2023/11/15 19:08,2022y,
1172,Chas McCormick,27,,,HOU,1,7,119,407,359,47,88,12,2,14,44,4,3,46,106,1,0,1,0,1,2023/11/15 19:08,2022y,
1173,Cal Raleigh,25,,,SEA,1,2,119,415,370,46,78,20,1,27,63,1,0,38,122,2,0,5,0,1,2023/11/15 19:08,2022y,
1174,Mike Trout,30,,,LAA,1,8,119,499,438,85,124,28,2,40,80,1,0,54,139,6,0,1,8,1,2023/11/15 19:08,2022y,
1175,Luis Urias,25,,,MIL,0,5,119,472,406,54,97,17,1,16,47,1,2,50,99,11,0,5,0,1,2023/11/15 19:08,2022y,
1176,Christian Vazquez,31,,,TOT,1,2,119,426,398,41,109,23,0,9,52,1,4,22,69,3,0,3,0,1,2023/11/15 19:08,2022y,
1177,Brandon Crawford*,35,,,SFG,0,6,118,458,407,50,94,15,2,9,52,1,1,39,98,8,0,4,3,1,2023/11/15 19:08,2022y,
1178,Jose Iglesias,32,,,COL,0,6,118,467,439,48,128,30,0,3,47,2,3,17,56,8,0,3,0,1,2023/11/15 19:08,2022y,
1179,Starling Marte,33,,,NYM,0,9,118,505,466,76,136,24,5,16,63,18,9,26,97,13,0,0,0,1,2023/11/15 19:08,2022y,
1180,Rafael Ortega*,31,,,CHC,0,8,118,371,316,35,76,14,1,7,35,12,7,44,74,2,1,7,2,1,2023/11/15 19:08,2022y,
1181,Franmil Reyes,26,,,TOT,2,10,118,473,438,43,97,17,2,14,47,2,1,30,157,2,0,3,0,1,2023/11/15 19:08,2022y,
1182,Darin Ruf,35,,,TOT,0,3,118,388,334,52,68,12,0,11,45,2,0,45,105,6,0,3,0,1,2023/11/15 19:08,2022y,
1183,Chris Taylor,31,,,LAD,0,7,118,454,402,45,89,25,3,10,43,10,1,44,160,5,0,3,2,1,2023/11/15 19:08,2022y,
1184,Ramon Urias,28,,,BAL,1,5,118,445,403,50,100,17,1,16,51,1,0,30,98,5,3,4,1,1,2023/11/15 19:08,2022y,
1185,Jared Walsh*,28,,,LAA,1,3,118,454,423,41,91,18,2,15,44,2,1,27,138,4,0,0,4,1,2023/11/15 19:08,2022y,
1186,Bobby Dalbec,27,,,BOS,1,3,117,353,317,40,68,9,2,12,39,3,0,29,118,3,0,4,0,1,2023/11/15 19:08,2022y,
1187,Matt Vierling,25,,,PHI,0,8,117,357,325,41,80,12,2,6,32,7,4,23,70,3,0,6,0,1,2023/11/15 19:08,2022y,
1188,J.D. Davis,29,,,TOT,0,10,115,365,318,46,79,16,1,12,35,1,1,39,122,6,0,2,1,1,2023/11/15 19:08,2022y,
1189,Bryan De La Cruz,25,,,MIA,0,8,115,355,329,38,83,20,0,13,43,4,0,19,90,2,0,4,0,1,2023/11/15 19:08,2022y,
1190,Ben Gamel*,30,,,PIT,0,7,115,423,371,42,86,20,2,9,46,5,1,48,98,3,0,1,2,1,2023/11/15 19:08,2022y,
1191,Max Kepler*,29,,,MIN,1,9,115,446,388,54,88,18,1,9,43,3,2,49,66,5,0,4,1,1,2023/11/15 19:08,2022y,
1192,Jose Trevino,29,,,NYY,1,2,115,353,335,39,83,12,1,11,43,2,1,15,62,2,0,1,0,1,2023/11/15 19:08,2022y,
1193,Michael Harris*,21,,,ATL,0,8,114,441,414,75,123,27,3,19,64,20,2,21,107,5,1,0,0,1,2023/11/15 19:08,2022y,
1194,Salvador Perez,32,,,KCR,1,2,114,473,445,48,113,23,1,23,76,0,0,18,109,7,0,3,2,1,2023/11/15 19:08,2022y,
1195,Jacob Stallings,32,,,MIA,0,2,114,384,346,25,77,12,0,4,34,0,1,29,83,6,1,2,0,1,2023/11/15 19:08,2022y,
1196,Ji-Man Choi*,31,,,TBR,1,3,113,419,356,36,83,22,0,11,52,0,0,58,123,2,0,3,3,1,2023/11/15 19:08,2022y,
1197,Willson Contreras,30,,,CHC,0,2,113,487,416,65,101,23,2,22,55,4,2,45,103,24,0,2,0,1,2023/11/15 19:08,2022y,
1198,Yonathan Daza,28,,,COL,0,8,113,408,372,56,112,21,2,2,34,0,3,26,58,4,1,5,0,1,2023/11/15 19:08,2022y,
1199,Martin Maldonado,35,,,HOU,1,2,113,379,344,40,64,12,0,15,45,0,0,22,116,7,4,2,0,1,2023/11/15 19:08,2022y,
1200,Christopher Morel,23,,,CHC,0,8,113,425,379,55,89,19,4,16,47,10,7,38,137,3,3,2,0,1,2023/11/15 19:08,2022y,
1201,Adley Rutschman,24,,,BAL,1,2,113,470,398,70,101,35,1,13,42,4,0,65,86,4,0,3,0,1,2023/11/15 19:08,2022y,
1202,Alek Thomas*,22,,,ARI,0,8,113,411,381,45,88,17,1,8,39,4,3,22,74,3,0,5,0,1,2023/11/15 19:08,2022y,
1203,Miguel Cabrera,39,,,DET,1,10,112,433,397,25,101,10,0,5,43,1,0,28,101,3,0,5,3,1,2023/11/15 19:08,2022y,
1204,Willi Castro,25,,,DET,1,9,112,392,365,47,88,18,2,8,31,9,4,15,82,8,1,3,0,1,2023/11/15 19:08,2022y,
1205,Jace Peterson*,32,,,MIL,0,5,112,328,288,44,68,14,2,8,34,12,1,33,85,2,2,3,2,1,2023/11/15 19:08,2022y,
1206,Keibert Ruiz,23,,,WSN,0,2,112,433,394,33,99,22,0,7,36,6,1,30,50,6,1,2,0,1,2023/11/15 19:08,2022y,
1207,Connor Joe,29,,,COL,0,7,111,467,404,56,96,20,4,7,28,6,2,55,97,7,0,1,0,1,2023/11/15 19:08,2022y,
1208,Isaac Paredes,23,,,TBR,1,5,111,381,331,48,68,16,0,20,45,0,1,44,67,4,0,2,0,1,2023/11/15 19:08,2022y,
1209,Chad Pinder,30,,,OAK,1,7,111,379,361,38,85,18,0,12,42,2,0,14,118,0,1,2,0,1,2023/11/15 19:08,2022y,
1210,Seiya Suzuki,27,,,CHC,0,9,111,446,397,54,104,22,2,14,46,9,5,42,110,4,0,3,3,1,2023/11/15 19:08,2022y,
1211,Eric Haase,29,,,DET,1,2,110,351,323,41,82,17,1,14,44,0,0,24,97,1,0,3,1,1,2023/11/15 19:08,2022y,
1212,Austin Nola,32,,,SDP,0,2,110,397,347,40,87,15,0,4,40,2,1,34,60,6,1,9,1,1,2023/11/15 19:08,2022y,
1213,Nick Senzel,27,,,CIN,0,8,110,420,373,45,86,13,0,5,25,8,5,30,76,5,2,1,0,1,2023/11/15 19:08,2022y,
1214,Giancarlo Stanton,32,,,NYY,1,10,110,452,398,53,84,7,0,31,78,0,0,50,137,0,0,3,2,1,2023/11/15 19:08,2022y,
1215,Spencer Torkelson,22,,,DET,1,3,110,404,360,38,73,16,1,8,28,0,1,37,99,5,0,2,0,1,2023/11/15 19:08,2022y,
1216,Albert Pujols,42,,,STL,0,10,109,351,307,42,83,14,0,24,68,1,2,28,55,10,0,6,1,1,2023/11/15 19:08,2022y,
1217,Abraham Toro,25,,,SEA,1,4,109,352,324,36,60,13,1,10,35,2,0,22,65,2,0,4,1,1,2023/11/15 19:08,2022y,
1218,Bradley Zimmer*,29,,,TOT,2,8,109,117,105,18,13,5,0,2,5,3,2,5,45,6,1,0,0,1,2023/11/15 19:08,2022y,
1219,Lars Nootbaar*,24,,,STL,0,9,108,347,290,53,66,16,3,14,40,4,1,51,71,1,0,5,1,1,2023/11/15 19:08,2022y,
1220,Travis d'Arnaud,33,,,ATL,0,2,107,426,396,61,106,25,1,18,60,0,0,19,90,11,0,0,0,1,2023/11/15 19:08,2022y,
1221,Kyle Isbel*,25,,,KCR,1,9,106,278,256,32,54,10,4,5,28,9,6,16,75,3,1,2,0,1,2023/11/15 19:08,2022y,
1222,Jack Suwinski*,23,,,PIT,0,7,106,372,326,45,66,11,0,19,38,4,2,41,114,4,0,1,1,1,2023/11/15 19:08,2022y,
1223,Elias Diaz,31,,,COL,0,2,105,381,351,29,80,18,2,9,51,0,1,25,82,2,0,3,0,1,2023/11/15 19:08,2022y,
1224,Austin Hedges,29,,,CLE,1,2,105,338,294,26,48,4,0,7,30,2,0,25,78,6,10,3,0,1,2023/11/15 19:08,2022y,
1225,Tyler Naquin*,31,,,TOT,0,9,105,334,310,47,71,19,4,11,46,4,2,19,93,4,1,0,2,1,2023/11/15 19:08,2022y,
1226,Mauricio Dubon,27,,,TOT,2,8,104,265,243,31,52,9,0,5,24,2,3,13,30,1,3,5,0,1,2023/11/15 19:08,2022y,
1227,Eric Hosmer*,32,,,TOT,2,3,104,419,380,38,102,19,0,8,44,0,0,37,64,1,0,1,5,1,2023/11/15 19:08,2022y,
1228,Carson Kelly,27,,,ARI,0,2,104,354,317,40,67,18,0,7,35,2,0,29,71,4,0,4,0,1,2023/11/15 19:08,2022y,
1229,Ryan McKenna,25,,,BAL,1,7,104,172,156,23,37,10,0,2,11,2,1,11,55,2,2,1,1,1,2023/11/15 19:08,2022y,
1230,Yoan Moncada,27,,,CHW,1,5,104,433,397,41,84,18,1,12,51,2,0,32,114,2,1,1,2,1,2023/11/15 19:08,2022y,
1231,Dylan Moore,29,,,SEA,1,9,104,255,205,41,46,11,2,6,24,21,8,34,75,13,1,1,2,1,2023/11/15 19:08,2022y,
1232,Jorge Polanco,28,,,MIN,1,4,104,445,375,54,88,16,0,16,56,3,3,64,95,2,0,4,1,1,2023/11/15 19:08,2022y,
1233,Jose Siri,26,,,TOT,1,8,104,325,301,53,64,13,2,7,24,14,2,20,108,3,0,1,0,1,2023/11/15 19:08,2022y,
1234,Maikel Franco,29,,,WSN,0,5,103,388,371,31,85,15,0,9,39,1,0,12,75,2,0,3,0,1,2023/11/15 19:08,2022y,
1235,Jonathan India,25,,,CIN,0,4,103,431,386,48,96,16,2,10,41,3,4,31,94,14,0,0,1,1,2023/11/15 19:08,2022y,
1236,Jon Berti,32,,,MIA,0,4,102,404,358,47,86,17,3,4,28,41,5,42,89,3,0,1,0,1,2023/11/15 19:08,2022y,
1237,Luis Guillorme*,27,,,NYM,0,4,102,335,297,33,81,12,1,2,17,1,0,34,46,2,2,0,1,1,2023/11/15 19:08,2022y,
1238,Emmanuel Rivera,26,,,TOT,2,5,102,359,330,46,77,16,3,12,40,1,2,23,83,5,0,1,0,1,2023/11/15 19:08,2022y,
1239,Max Stassi,31,,,LAA,1,2,102,375,333,32,60,12,1,9,30,0,0,38,112,2,1,1,0,1,2023/11/15 19:08,2022y,
1240,Alfonso Rivas*,25,,,CHC,0,3,101,287,251,27,59,5,2,3,25,6,1,29,87,4,1,2,1,1,2023/11/15 19:08,2022y,
1241,Joey Wendle*,32,,,MIA,0,5,101,371,347,27,90,24,1,3,32,12,3,15,50,5,1,3,0,1,2023/11/15 19:08,2022y,
1242,Nick Allen,23,,,OAK,1,6,100,326,299,31,62,13,0,4,19,3,2,19,64,1,6,1,0,1,2023/11/15 19:08,2022y,
1243,Christian Bethancourt,30,,,TOT,1,2,100,333,318,39,80,17,0,11,34,5,1,12,80,2,1,0,0,1,2023/11/15 19:08,2022y,
1244,Yasmani Grandal,33,,,CHW,1,2,99,376,327,15,66,7,0,5,27,1,0,45,79,2,0,2,1,1,2023/11/15 19:08,2022y,
1245,Bryce Harper*,29,,,PHI,0,10,99,426,370,63,106,28,1,18,65,11,4,46,87,3,0,7,9,1,2023/11/15 19:08,2022y,
1246,Jake McCarthy*,24,,,ARI,0,9,99,354,321,53,91,16,3,8,43,23,3,23,76,6,3,1,0,1,2023/11/15 19:08,2022y,
1247,Leody Taveras,23,,,TEX,1,8,99,341,314,39,82,14,2,5,34,11,5,21,88,2,1,3,0,1,2023/11/15 19:08,2022y,
1248,Brian Anderson,29,,,MIA,0,5,98,383,338,43,75,16,1,8,28,1,0,37,101,7,0,1,2,1,2023/11/15 19:08,2022y,
1249,Jose Azocar,26,,,SDP,0,9,98,216,202,24,52,9,3,0,10,5,6,12,44,0,1,1,0,1,2023/11/15 19:08,2022y,
1250,Avisail Garcia,31,,,MIA,0,9,98,380,357,31,80,9,0,8,35,4,0,17,109,4,0,2,0,1,2023/11/15 19:08,2022y,
1251,Luis Gonzalez*,26,,,SFG,0,9,98,350,311,31,79,17,2,4,36,10,2,30,75,4,0,5,1,1,2023/11/15 19:08,2022y,
1252,Tomas Nido,28,,,NYM,0,2,98,313,284,31,68,15,0,3,28,0,0,14,76,1,12,2,0,1,2023/11/15 19:08,2022y,
1253,Luis Robert,24,,,CHW,1,8,98,401,380,54,108,18,0,12,56,11,3,17,77,3,0,1,1,1,2023/11/15 19:08,2022y,
1254,Jesus Sanchez*,24,,,MIA,0,8,98,343,313,38,67,14,3,13,36,1,0,26,92,3,0,1,0,1,2023/11/15 19:08,2022y,
1255,Jean Segura,32,,,PHI,0,4,98,387,354,45,98,9,0,10,33,13,6,25,58,7,0,1,1,1,2023/11/15 19:08,2022y,
1256,Joey Bart,25,,,SFG,0,2,97,291,261,34,56,6,0,11,25,2,1,26,112,4,0,0,0,1,2023/11/15 19:08,2022y,
1257,Cavan Biggio*,27,,,TOR,1,4,97,303,257,43,52,18,1,6,24,2,0,38,85,6,1,1,0,1,2023/11/15 19:08,2022y,
1258,William Contreras,24,,,ATL,0,2,97,376,334,51,93,14,1,20,45,2,0,39,104,1,0,2,1,1,2023/11/15 19:08,2022y,
1259,Leury Garcia,31,,,CHW,1,4,97,315,300,38,63,8,0,3,20,2,0,7,65,3,2,3,0,1,2023/11/15 19:08,2022y,
1260,Diego Castillo,24,,,PIT,0,6,96,283,262,28,54,13,0,11,29,1,1,14,75,3,0,4,1,1,2023/11/15 19:08,2022y,
1261,Corey Dickerson*,33,,,STL,0,7,96,297,281,28,75,17,1,6,36,0,0,12,48,2,0,2,1,1,2023/11/15 19:08,2022y,
1262,Andrew Knizner,27,,,STL,0,2,96,293,260,28,56,10,0,4,25,0,1,26,62,6,1,0,0,1,2023/11/15 19:08,2022y,
1263,Tyler O'Neill,27,,,STL,0,7,96,383,334,56,76,11,1,14,58,14,4,38,103,4,0,7,0,1,2023/11/15 19:08,2022y,
1264,Victor Caratini,28,,,MIL,0,2,95,314,272,26,54,12,0,9,34,0,0,31,67,9,1,1,1,1,2023/11/15 19:08,2022y,
1265,Tucker Barnhart*,31,,,DET,1,2,94,308,281,16,62,10,0,1,16,0,0,25,74,1,1,0,0,1,2023/11/15 19:08,2022y,
1266,Yadiel Hernandez*,34,,,WSN,0,7,94,327,305,30,82,16,0,9,41,2,1,19,74,1,0,2,0,1,2023/11/15 19:08,2022y,
1267,Ramon Laureano,27,,,OAK,1,9,94,383,346,49,73,18,0,13,34,11,6,25,104,12,0,0,0,1,2023/11/15 19:08,2022y,
1268,Trevor Story,29,,,BOS,1,4,94,396,357,53,85,22,0,16,66,13,0,32,122,3,0,4,4,1,2023/11/15 19:08,2022y,
1269,Sergio Alcantara,25,,,TOT,0,5,93,224,205,26,45,8,1,6,29,1,2,12,57,1,2,4,0,1,2023/11/15 19:08,2022y,
1270,Luis Garcia*,22,,,WSN,0,6,93,377,360,29,99,23,2,7,45,3,4,11,84,1,1,4,1,1,2023/11/15 19:08,2022y,
1271,Riley Greene*,21,,,DET,1,8,93,418,376,46,95,18,4,5,42,1,4,36,120,3,0,3,0,1,2023/11/15 19:08,2022y,
1272,Enrique Hernandez,30,,,BOS,1,8,93,402,361,48,80,24,0,6,45,0,2,34,71,3,0,4,0,1,2023/11/15 19:08,2022y,
1273,Francisco Mejia,26,,,TBR,1,2,93,299,289,32,70,22,0,6,31,0,0,7,65,2,0,1,0,1,2023/11/15 19:08,2022y,
1274,Matt Reynolds,31,,,TOT,0,4,93,272,244,31,60,10,1,3,23,5,0,26,78,1,0,1,0,1,2023/11/15 19:08,2022y,
1275,Byron Buxton,28,,,MIN,1,8,92,382,340,61,76,13,3,28,51,6,0,34,116,7,0,1,0,1,2023/11/15 19:08,2022y,
1276,Aledmys Diaz,31,,,HOU,1,7,92,327,305,35,74,13,0,12,38,1,1,18,53,2,0,2,0,1,2023/11/15 19:08,2022y,
1277,Victor Reyes,27,,,DET,1,9,92,336,315,27,80,19,3,3,34,2,2,13,77,4,0,4,0,1,2023/11/15 19:08,2022y,
1278,Oscar Gonzalez,24,,,CLE,1,9,91,382,362,39,107,27,0,11,43,1,2,15,75,3,0,2,2,1,2023/11/15 19:08,2022y,
1279,Cristian Pache,23,,,OAK,1,8,91,260,241,18,40,5,2,3,18,2,2,15,70,1,3,0,0,1,2023/11/15 19:08,2022y,
1280,Joey Votto*,38,,,CIN,0,3,91,376,322,31,66,18,1,11,41,0,0,44,97,10,0,0,0,1,2023/11/15 19:08,2022y,
1281,CJ Abrams*,21,,,TOT,0,6,90,302,284,33,70,12,2,2,21,7,4,5,50,9,2,2,0,1,2023/11/15 19:08,2022y,
1282,Garrett Hampson,27,,,COL,0,8,90,226,199,29,42,7,3,2,15,12,2,21,63,1,3,2,0,1,2023/11/15 19:08,2022y,
1283,Nolan Gorman*,22,,,STL,0,4,89,313,283,44,64,13,0,14,35,1,0,28,103,2,0,0,0,1,2023/11/15 19:08,2022y,
1284,Evan Longoria,36,,,SFG,0,5,89,298,266,31,65,13,0,14,42,0,0,27,83,2,0,3,2,1,2023/11/15 19:08,2022y,
1285,Manuel Margot,27,,,TBR,1,9,89,363,336,36,92,18,2,4,47,7,3,24,68,2,0,1,1,1,2023/11/15 19:08,2022y,
1286,Reese McGuire*,27,,,TOT,1,2,89,274,249,25,67,14,1,3,22,1,0,12,56,3,6,3,0,1,2023/11/15 19:08,2022y,
1287,Sheldon Neuse,27,,,OAK,1,5,89,293,271,25,58,4,2,4,26,6,1,20,80,2,0,0,0,1,2023/11/15 19:08,2022y,
1288,Jo Adell,23,,,LAA,1,7,88,285,268,22,60,12,2,8,27,4,2,11,107,4,0,1,0,1,2023/11/15 19:08,2022y,
1289,Christian Arroyo,27,,,BOS,1,4,87,300,280,32,80,16,1,6,36,5,1,13,49,3,2,2,2,1,2023/11/15 19:08,2022y,
1290,Oneil Cruz*,23,,,PIT,0,6,87,361,331,45,77,13,4,17,54,10,4,28,126,1,0,1,1,1,2023/11/15 19:08,2022y,
1291,Harrison Bader,28,,,TOT,2,8,86,313,292,38,73,10,3,5,30,17,3,15,62,4,0,2,0,1,2023/11/15 19:08,2022y,
1292,Adam Duvall,33,,,ATL,0,8,86,315,287,39,61,16,1,12,36,0,2,21,101,5,0,2,0,1,2023/11/15 19:08,2022y,
1293,Yan Gomes,34,,,CHC,0,2,86,293,277,23,65,12,0,8,31,2,0,8,47,3,1,4,0,1,2023/11/15 19:08,2022y,
1294,Marwin Gonzalez,33,,,NYY,1,9,85,207,184,20,34,7,0,6,18,3,0,14,54,4,3,2,0,1,2023/11/15 19:08,2022y,
1295,Franchy Cordero*,27,,,BOS,1,3,84,275,242,36,53,17,1,8,29,4,1,28,92,1,2,2,1,1,2023/11/15 19:08,2022y,
1296,Eloy Jimenez,25,,,CHW,1,10,84,327,292,40,86,12,0,16,54,0,0,28,72,3,0,4,0,1,2023/11/15 19:08,2022y,
1297,Omar Narvaez*,30,,,MIL,0,2,84,296,262,21,54,12,1,4,23,0,0,29,57,3,1,1,1,1,2023/11/15 19:08,2022y,
1298,Wander Franco,21,,,TBR,1,6,83,344,314,46,87,20,3,6,33,8,0,26,33,0,0,4,1,1,2023/11/15 19:08,2022y,
1299,Sam Haggerty,28,,,SEA,1,9,83,201,176,29,45,9,1,5,23,13,1,18,53,4,1,2,3,1,2023/11/15 19:08,2022y,
1300,Kyle Higashioka,32,,,NYY,1,2,83,248,229,27,52,7,0,10,31,0,1,12,52,1,2,4,0,1,2023/11/15 19:08,2022y,
1301,Jordan Luplow,28,,,ARI,0,9,83,234,205,26,36,5,0,11,28,5,1,25,60,3,0,1,1,1,2023/11/15 19:08,2022y,
1302,Brett Phillips*,28,,,TOT,1,8,83,225,201,22,29,6,0,5,15,7,0,16,94,3,4,1,0,1,2023/11/15 19:08,2022y,
1303,Jorge Alfaro,29,,,SDP,0,2,82,274,256,25,63,14,0,7,40,1,0,11,98,4,0,3,0,1,2023/11/15 19:08,2022y,
1304,Brad Miller*,32,,,TEX,1,7,81,241,222,20,47,3,0,7,32,4,2,18,70,0,0,1,0,1,2023/11/15 19:08,2022y,
1305,Aristides Aquino,28,,,CIN,0,9,80,276,259,24,51,13,0,10,30,2,3,17,101,0,0,0,0,1,2023/11/15 19:08,2022y,
1306,Keston Hiura,25,,,MIL,0,3,80,266,234,34,53,8,1,14,32,5,2,23,111,8,0,1,0,1,2023/11/15 19:08,2022y,
1307,Eddie Rosario*,30,,,ATL,0,7,80,270,250,27,53,12,1,5,24,3,0,17,68,0,0,3,0,1,2023/11/15 19:08,2022y,
1308,Donovan Solano,34,,,CIN,0,3,80,304,278,22,79,16,0,4,24,0,0,19,61,5,0,2,1,1,2023/11/15 19:08,2022y,
1309,Trayce Thompson,31,,,TOT,0,7,80,255,219,36,56,14,1,13,41,4,1,32,93,2,0,2,0,1,2023/11/15 19:08,2022y,
1310,Tim Anderson,29,,,CHW,1,6,79,351,332,50,100,13,0,6,25,13,0,14,55,5,0,0,1,1,2023/11/15 19:08,2022y,
1311,Luke Williams,25,,,TOT,0,5,79,136,127,21,30,5,1,1,6,11,4,9,44,0,0,0,1,1,2023/11/15 19:08,2022y,
1312,Brandon Belt*,34,,,SFG,0,3,78,298,254,25,54,9,1,8,23,1,0,37,81,6,0,1,2,1,2023/11/15 19:08,2022y,
1313,Yadier Molina,39,,,STL,0,2,78,270,262,19,56,8,0,5,24,2,0,5,40,2,0,1,0,1,2023/11/15 19:08,2022y,
1314,Mike Moustakas*,33,,,CIN,0,10,78,285,252,30,54,12,0,7,25,2,0,24,75,6,0,3,0,1,2023/11/15 19:08,2022y,
1315,Kevin Newman,28,,,PIT,0,4,78,309,288,31,79,18,2,2,24,8,2,16,48,2,2,1,0,1,2023/11/15 19:08,2022y,
1316,Edmundo Sosa,26,,,TOT,0,6,78,190,176,26,40,11,4,2,21,6,1,5,50,7,1,1,0,1,2023/11/15 19:08,2022y,
1317,Paul DeJong,28,,,STL,0,6,77,237,210,19,33,9,0,6,25,3,2,21,79,4,0,2,0,1,2023/11/15 19:08,2022y,
1318,Matt Duffy,31,,,LAA,1,5,77,247,228,14,57,8,0,2,16,0,0,17,50,2,0,0,0,1,2023/11/15 19:08,2022y,
1319,Wil Myers,31,,,SDP,0,9,77,286,261,29,68,15,0,7,41,2,1,21,86,1,0,3,1,1,2023/11/15 19:08,2022y,
1320,Nelson Velazquez,23,,,CHC,0,8,77,206,185,20,38,7,3,6,26,5,2,19,65,2,0,0,0,1,2023/11/15 19:08,2022y,
1321,LaMonte Wade Jr.*,28,,,SFG,0,9,77,251,217,29,45,7,1,8,26,1,0,26,51,5,2,1,0,1,2023/11/15 19:08,2022y,
1322,Luke Maile,31,,,CLE,1,2,76,206,181,19,40,10,0,3,17,0,0,19,54,3,0,3,0,1,2023/11/15 19:08,2022y,
1323,Juan Yepez,24,,,STL,0,7,76,274,253,27,64,13,0,12,30,0,0,16,61,1,0,4,0,1,2023/11/15 19:08,2022y,
1324,Frank Schwindel,30,,,CHC,0,3,75,292,271,23,62,11,0,8,36,0,0,19,58,0,0,2,1,1,2023/11/15 19:08,2022y,
1325,Pavin Smith*,26,,,ARI,0,9,75,277,245,24,54,9,0,9,33,1,0,28,67,1,0,3,1,1,2023/11/15 19:08,2022y,
1326,Guillermo Heredia,31,,,ATL,0,7,74,82,76,12,12,3,1,3,8,0,0,6,32,0,0,0,0,1,2023/11/15 19:08,2022y,
1327,P.J. Higgins,29,,,CHC,0,3,74,229,201,23,46,11,1,6,30,0,0,22,58,2,3,1,0,1,2023/11/15 19:08,2022y,
1328,Hanser Alberto,29,,,LAD,0,4,73,159,156,13,38,9,2,2,15,0,1,3,25,0,0,0,0,1,2023/11/15 19:08,2022y,
1329,Akil Baddoo*,23,,,DET,1,7,73,225,201,30,41,3,2,2,9,9,6,24,64,0,0,0,0,1,2023/11/15 19:08,2022y,
1330,Vimael Machin*,28,,,OAK,1,5,73,253,223,26,49,12,0,1,13,1,1,25,47,2,0,3,0,1,2023/11/15 19:08,2022y,
1331,Josh Smith*,24,,,TEX,1,5,73,253,213,23,42,5,0,2,16,4,3,28,50,7,2,3,0,1,2023/11/15 19:08,2022y,
1332,Nick Fortes,25,,,MIA,0,2,72,240,217,41,50,6,1,9,24,5,3,18,45,5,0,0,0,1,2023/11/15 19:08,2022y,
1333,TJ Friedl*,26,,,CIN,0,7,72,258,225,33,54,10,5,8,25,7,2,20,40,7,0,6,0,1,2023/11/15 19:08,2022y,
1334,Danny Jansen,27,,,TOR,1,2,72,248,215,34,56,10,0,15,44,1,0,25,44,3,0,5,1,1,2023/11/15 19:08,2022y,
1335,Vinnie Pasquantino*,24,,,KCR,1,3,72,298,258,25,76,10,0,10,26,1,0,35,34,3,0,2,1,1,2023/11/15 19:08,2022y,
1336,Jorge Soler,30,,,MIA,0,7,72,306,270,32,56,13,0,13,34,0,2,31,90,3,0,1,1,1,2023/11/15 19:08,2022y,
1337,Rodolfo Castro,23,,,PIT,0,4,71,278,253,25,59,8,4,11,27,5,3,22,74,2,0,1,0,1,2023/11/15 19:08,2022y,
1338,Sam Hilliard*,28,,,COL,0,7,70,200,174,26,32,6,1,2,14,5,1,23,57,1,0,2,0,1,2023/11/15 19:08,2022y,
1339,Stephen Vogt*,37,,,OAK,1,10,70,191,168,18,27,4,1,7,23,1,0,17,46,2,0,4,0,1,2023/11/15 19:08,2022y,
1340,Mike Brosseau,28,,,MIL,0,5,69,160,141,15,36,5,0,6,23,2,0,14,48,5,0,0,0,1,2023/11/15 19:08,2022y,
1341,Yu Chang,26,,,TOT,2,4,69,190,168,19,35,6,0,4,15,0,1,16,59,4,0,2,0,1,2023/11/15 19:08,2022y,
1342,Ernie Clement,26,,,TOT,1,5,69,179,163,19,30,4,0,0,6,0,1,11,26,2,2,1,0,1,2023/11/15 19:08,2022y,
1343,Calvin Mitchell*,23,,,PIT,0,9,69,232,212,21,48,11,0,5,17,3,1,18,52,0,1,1,0,1,2023/11/15 19:08,2022y,
1344,Charlie Culberson,33,,,TEX,1,5,68,124,115,19,29,6,0,2,12,2,3,5,31,0,4,0,0,1,2023/11/15 19:08,2022y,
1345,Jake Fraley*,27,,,CIN,0,7,68,247,216,33,56,9,0,12,28,4,1,26,54,3,0,2,1,1,2023/11/15 19:08,2022y,
1346,Orlando Arcia,27,,,ATL,0,4,67,234,209,25,51,9,0,9,30,0,0,21,51,2,0,2,0,1,2023/11/15 19:08,2022y,
1347,Robinson Chirinos,38,,,BAL,1,2,67,220,195,10,35,9,0,4,22,1,0,19,67,4,1,1,0,1,2023/11/15 19:08,2022y,
1348,Ryan Jeffers,25,,,MIN,1,2,67,236,212,25,44,10,1,7,27,0,0,23,62,0,1,0,0,1,2023/11/15 19:08,2022y,
1349,Ryan O'Hearn*,28,,,KCR,1,10,67,145,134,14,32,6,1,1,16,0,0,8,35,2,0,1,0,1,2023/11/15 19:08,2022y,
1350,Josh VanMeter*,27,,,PIT,0,4,67,192,171,15,32,5,2,3,14,4,0,19,45,0,0,2,0,1,2023/11/15 19:08,2022y,
1351,Tyler Wade*,27,,,LAA,1,4,67,163,147,22,32,5,0,1,8,8,5,10,33,1,5,0,0,1,2023/11/15 19:08,2022y,
1352,Kyle Garlick,30,,,MIN,1,7,66,162,150,23,35,3,0,9,18,0,0,8,48,3,0,1,0,1,2023/11/15 19:08,2022y,
1353,Cooper Hummel,27,,,ARI,0,7,66,201,176,20,31,8,3,3,17,4,1,23,64,1,0,1,0,1,2023/11/15 19:08,2022y,
1354,JJ Bleday*,24,,,MIA,0,8,65,238,204,21,34,10,2,5,16,4,1,30,67,2,0,2,0,1,2023/11/15 19:08,2022y,
1355,Brandon Lowe*,27,,,TBR,1,4,65,266,235,31,52,10,2,8,25,1,0,27,61,3,0,1,0,1,2023/11/15 19:08,2022y,
1356,Austin Wynns,31,,,SFG,0,2,65,177,162,14,42,7,0,3,21,0,0,10,38,3,1,1,0,1,2023/11/15 19:08,2022y,
1357,Ozzie Albies,25,,,ATL,0,4,64,269,247,36,61,16,0,8,35,3,5,16,47,2,0,4,0,1,2023/11/15 19:08,2022y,
1358,Albert Almora,28,,,CIN,0,9,64,235,215,26,48,10,1,5,29,3,2,17,46,1,1,1,0,1,2023/11/15 19:08,2022y,
1359,Michael Brantley*,35,,,HOU,1,10,64,277,243,28,70,14,1,5,26,1,1,31,30,1,1,1,2,1,2023/11/15 19:08,2022y,
1360,Didi Gregorius*,32,,,PHI,0,6,63,232,214,17,45,9,4,1,19,1,0,13,36,3,0,2,0,1,2023/11/15 19:08,2022y,
1361,Kevin Kiermaier*,32,,,TBR,1,8,63,221,206,28,47,8,0,7,22,6,1,14,61,1,0,0,0,1,2023/11/15 19:08,2022y,
1362,Kevin Plawecki,31,,,TOT,1,2,63,186,168,15,37,8,0,1,13,0,0,14,32,2,1,1,0,1,2023/11/15 19:08,2022y,
1363,Ildemaro Vargas,30,,,TOT,0,5,63,222,209,19,55,13,1,4,23,3,1,8,23,3,1,1,0,1,2023/11/15 19:08,2022y,
1364,Austin Barnes,32,,,LAD,0,2,62,212,179,31,38,6,0,8,26,2,1,27,37,3,2,1,0,1,2023/11/15 19:08,2022y,
1365,Tyler Heineman,31,,,TOT,2,2,62,174,157,16,34,8,0,0,9,1,0,8,17,5,4,0,0,1,2023/11/15 19:08,2022y,
1366,Odubel Herrera*,30,,,PHI,0,8,62,197,185,23,44,9,1,5,21,6,0,11,42,0,0,1,0,1,2023/11/15 19:08,2022y,
1367,Brian Serven,27,,,COL,0,2,62,205,187,19,38,4,1,6,16,0,0,13,44,2,2,1,0,1,2023/11/15 19:08,2022y,
1368,David Fletcher,28,,,LAA,1,4,61,228,216,20,55,9,1,2,17,1,0,7,16,3,2,0,0,1,2023/11/15 19:08,2022y,
1369,James McCann,32,,,NYM,0,2,61,191,174,19,34,6,0,3,18,3,0,11,46,4,0,2,0,1,2023/11/15 19:08,2022y,
1370,Seby Zavala,28,,,CHW,1,2,61,205,178,22,48,14,0,2,21,0,0,19,64,3,3,2,0,1,2023/11/15 19:08,2022y,
1371,Jazz Chisholm Jr.*,24,,,MIA,0,4,60,241,213,39,54,10,4,14,45,12,5,21,66,3,0,3,0,1,2023/11/15 19:08,2022y,
1372,Tommy La Stella*,33,,,SFG,0,10,60,195,180,17,43,14,0,2,14,0,0,11,30,1,0,3,0,1,2023/11/15 19:08,2022y,
1373,Alejo Lopez,26,,,CIN,0,4,59,156,145,15,38,5,1,1,10,3,1,9,21,2,0,0,1,1,2023/11/15 19:08,2022y,
1374,Nick Madrigal,25,,,CHC,0,4,59,228,209,19,52,7,0,0,7,3,1,14,27,3,2,0,0,1,2023/11/15 19:08,2022y,
1375,Jonathan Villar,31,,,TOT,2,4,59,220,202,25,42,6,2,3,18,7,0,15,59,0,1,2,0,1,2023/11/15 19:08,2022y,
1376,Jonah Bride,26,,,OAK,1,4,58,187,162,17,33,4,0,1,6,1,0,19,32,4,1,1,0,1,2023/11/15 19:08,2022y,
1377,Lewin Diaz*,25,,,MIA,0,3,58,174,160,12,27,4,0,5,11,1,0,11,54,1,0,2,0,1,2023/11/15 19:08,2022y,
1378,Ezequiel Duran,23,,,TEX,1,5,58,220,208,25,49,10,1,5,25,4,1,12,54,0,0,0,0,1,2023/11/15 19:08,2022y,
1379,Jarren Duran*,25,,,BOS,1,8,58,223,204,23,45,14,3,3,17,7,1,14,63,4,0,1,0,1,2023/11/15 19:08,2022y,
1380,Tyler Nevin,25,,,BAL,1,5,58,184,157,17,31,4,0,2,16,0,0,20,46,4,0,3,0,1,2023/11/15 19:08,2022y,
1381,Dominic Smith*,27,,,NYM,0,3,58,152,134,11,26,10,1,0,17,0,0,12,37,4,0,2,0,1,2023/11/15 19:08,2022y,
1382,Curt Casali,33,,,TOT,2,2,57,176,148,20,30,4,0,5,17,0,0,24,50,2,0,2,0,1,2023/11/15 19:08,2022y,
1383,Jason Delay,27,,,PIT,0,2,57,167,155,17,33,6,0,1,11,0,2,9,50,2,1,0,0,1,2023/11/15 19:08,2022y,
1384,Mitch Haniger,31,,,SEA,1,9,57,247,224,31,55,8,0,11,34,0,0,20,65,1,0,2,1,1,2023/11/15 19:08,2022y,
1385,Zach McKinstry*,27,,,TOT,0,5,57,185,166,21,33,6,3,5,14,7,0,16,52,1,2,0,0,1,2023/11/15 19:08,2022y,
1386,Rob Refsnyder,31,,,BOS,1,9,57,177,153,25,47,11,0,6,21,1,1,15,46,6,0,3,0,1,2023/11/15 19:08,2022y,
1387,Kody Clemens*,26,,,DET,1,5,56,127,117,13,17,4,0,5,17,1,0,8,33,0,0,2,0,1,2023/11/15 19:08,2022y,
1388,Joey Meneses,30,,,WSN,0,3,56,240,222,33,72,14,0,13,34,1,0,15,52,1,0,2,2,1,2023/11/15 19:08,2022y,
1389,Nomar Mazara*,27,,,SDP,0,9,55,171,159,16,42,8,0,2,18,0,0,10,40,2,0,0,0,1,2023/11/15 19:08,2022y,
1390,Oscar Mercado,27,,,TOT,2,9,55,128,121,17,25,6,1,4,16,2,2,5,29,1,0,1,0,1,2023/11/15 19:08,2022y,
1391,Bubba Thompson,24,,,TEX,1,7,55,181,170,18,45,5,0,1,9,18,3,7,56,2,2,0,0,1,2023/11/15 19:08,2022y,
1392,Luis Torrens,26,,,SEA,1,2,55,166,151,13,34,2,0,3,15,0,0,12,50,1,0,2,0,1,2023/11/15 19:08,2022y,
1393,Jake Cave*,29,,,MIN,1,7,54,177,164,17,35,7,3,5,20,2,0,11,49,0,0,2,0,1,2023/11/15 19:08,2022y,
1394,Mitch Garver,31,,,TEX,1,10,54,215,188,23,39,7,0,10,24,1,1,23,53,2,0,2,0,1,2023/11/15 19:08,2022y,
1395,Jarred Kelenic*,22,,,SEA,1,8,54,181,163,20,23,5,1,7,17,5,2,16,61,1,0,1,0,1,2023/11/15 19:08,2022y,
1396,Richie Palacios*,25,,,CLE,1,7,54,123,112,7,26,6,0,0,10,2,0,9,20,1,0,1,1,1,2023/11/15 19:08,2022y,
1397,Elehuris Montero,23,,,COL,0,5,53,185,176,21,41,15,1,6,20,0,0,8,60,1,0,0,0,1,2023/11/15 19:08,2022y,
1398,Edward Olivares,26,,,KCR,1,9,53,174,161,24,46,8,0,4,15,2,3,10,36,2,0,1,0,1,2023/11/15 19:08,2022y,
1399,Vidal Brujan,24,,,TBR,1,4,52,162,147,13,24,5,0,3,16,5,5,12,37,1,0,2,0,1,2023/11/15 19:08,2022y,
1400,Johan Camargo,28,,,PHI,0,6,52,166,152,8,36,3,0,3,15,0,0,13,37,0,1,0,0,1,2023/11/15 19:08,2022y,
1401,Josh Lowe*,24,,,TBR,1,9,52,198,181,24,40,12,2,2,13,3,0,15,66,1,1,0,1,1,2023/11/15 19:08,2022y,
1402,Michael Massey*,24,,,KCR,1,4,52,194,173,16,42,9,1,4,17,3,0,9,46,8,2,2,0,1,2023/11/15 19:08,2022y,
1403,Jake Meyers,26,,,HOU,1,8,52,160,150,13,34,6,2,1,15,2,1,7,54,2,0,1,0,1,2023/11/15 19:08,2022y,
1404,David Villar,25,,,SFG,0,5,52,181,156,21,36,6,1,9,24,0,1,18,58,6,0,1,0,1,2023/11/15 19:08,2022y,
1405,Jake Burger,26,,,CHW,1,5,51,183,168,20,42,9,1,8,26,0,0,10,56,3,1,1,1,1,2023/11/15 19:08,2022y,
1406,Trevor Larnach*,25,,,MIN,1,7,51,180,160,22,37,13,0,5,18,0,0,18,57,0,0,2,1,1,2023/11/15 19:08,2022y,
1407,Austin Romine,33,,,TOT,2,2,51,136,129,10,20,3,0,3,9,0,0,4,46,1,2,0,0,1,2023/11/15 19:08,2022y,
1408,Kurt Suzuki,38,,,LAA,1,2,51,159,139,10,25,4,0,4,15,0,0,15,29,2,1,2,0,1,2023/11/15 19:08,2022y,
1409,Mike Ford*,29,,,TOT,2,3,50,149,131,9,27,5,0,3,10,0,0,17,40,1,0,0,0,1,2023/11/15 19:08,2022y,
1410,Jed Lowrie,38,,,OAK,1,10,50,184,167,14,30,5,0,3,16,1,0,15,39,0,0,2,0,1,2023/11/15 19:08,2022y,
1411,Tyler Stephenson,25,,,CIN,0,2,50,183,166,24,53,9,0,6,35,1,0,12,47,3,0,2,0,1,2023/11/15 19:08,2022y,
1412,Yoshi Tsutsugo*,30,,,PIT,0,3,50,193,170,11,29,4,0,2,19,0,0,19,50,0,0,4,0,1,2023/11/15 19:08,2022y,
1413,Tucupita Marcano*,22,,,PIT,0,7,49,177,160,18,33,6,2,2,13,2,1,10,44,1,5,1,0,1,2023/11/15 19:08,2022y,
1414,Nick Pratto*,23,,,KCR,1,3,49,182,158,18,29,9,1,7,20,0,0,19,66,1,1,3,0,1,2023/11/15 19:08,2022y,
1415,Riley Adams,26,,,WSN,0,2,48,155,142,14,25,4,0,5,10,0,1,12,46,1,0,0,0,1,2023/11/15 19:08,2022y,
1416,Jose Barrero,24,,,CIN,0,6,48,174,165,13,25,3,0,2,10,4,1,9,76,0,0,0,0,1,2023/11/15 19:08,2022y,
1417,Jason Heyward*,32,,,CHC,0,8,48,151,137,15,28,5,1,1,10,1,0,11,32,3,0,0,0,1,2023/11/15 19:08,2022y,
1418,Charles Leblanc,26,,,MIA,0,4,48,169,156,18,41,10,0,4,11,4,2,12,53,1,0,0,0,1,2023/11/15 19:08,2022y,
1419,Alex Call,27,,,TOT,2,7,47,131,114,18,27,3,1,5,13,3,3,15,30,2,0,0,0,1,2023/11/15 19:08,2022y,
1420,Matt Carpenter*,36,,,NYY,1,10,47,154,128,28,39,9,0,15,37,0,0,19,35,5,1,1,1,1,2023/11/15 19:08,2022y,
1421,Aramis Garcia,29,,,CIN,0,2,47,115,108,6,23,2,0,1,4,0,1,3,34,2,2,0,0,1,2023/11/15 19:08,2022y,
1422,Jose Herrera,25,,,ARI,0,2,47,124,111,9,21,2,0,0,5,0,0,9,34,0,4,0,0,1,2023/11/15 19:08,2022y,
1423,Anthony Rendon,32,,,LAA,1,5,47,193,166,15,38,10,0,5,24,2,0,23,35,2,0,2,0,1,2023/11/15 19:08,2022y,
1424,Kevin Smith,25,,,OAK,1,5,47,151,139,9,25,9,1,2,13,4,0,7,42,0,3,2,0,1,2023/11/15 19:08,2022y,
1425,Eli White,28,,,TEX,1,8,47,117,105,16,21,2,0,3,10,12,1,11,41,0,0,1,0,1,2023/11/15 19:08,2022y,
1426,Greg Allen,29,,,PIT,0,7,46,134,118,17,22,4,0,2,8,8,2,10,42,2,3,1,0,1,2023/11/15 19:08,2022y,
1427,Stuart Fairchild,26,,,TOT,2,7,46,110,97,14,24,4,1,5,6,0,2,8,34,5,0,0,0,1,2023/11/15 19:08,2022y,
1428,Garrett Stubbs*,29,,,PHI,0,2,46,121,106,19,28,4,1,5,16,2,0,14,30,0,1,0,0,1,2023/11/15 19:08,2022y,
1429,Alex Kirilloff*,24,,,MIN,1,7,45,156,144,14,36,7,0,3,21,0,0,5,36,4,0,2,0,1,2023/11/15 19:08,2022y,
1430,Michael Perez*,29,,,TOT,0,2,45,132,121,10,18,0,0,6,14,1,0,10,32,0,1,0,0,1,2023/11/15 19:08,2022y,
1431,Magneuris Sierra*,26,,,LAA,1,8,45,96,91,7,15,1,3,0,5,6,1,4,25,0,1,0,0,1,2023/11/15 19:08,2022y,
1432,Oswaldo Cabrera,23,,,NYY,1,9,44,171,154,21,38,8,1,6,19,3,2,15,44,0,1,1,0,1,2023/11/15 19:08,2022y,
1433,Nate Eaton,25,,,KCR,1,9,44,122,106,16,28,4,3,1,12,11,1,10,30,2,1,3,0,1,2023/11/15 19:08,2022y,
1434,Sam Huff,24,,,TEX,1,2,44,132,121,9,29,4,0,4,10,1,0,11,42,0,0,0,1,1,2023/11/15 19:08,2022y,
1435,Travis Jankowski*,31,,,TOT,2,7,44,64,55,11,9,0,0,0,2,3,0,8,10,1,0,0,0,1,2023/11/15 19:08,2022y,
1436,Roman Quinn,29,,,TOT,2,8,44,87,79,15,17,3,2,0,7,4,3,7,36,1,0,0,0,1,2023/11/15 19:08,2022y,
1437,Lorenzo Cain,36,,,MIL,0,8,43,156,145,17,26,5,0,1,9,2,2,8,36,2,0,1,0,1,2023/11/15 19:08,2022y,
1438,Taylor Trammell*,24,,,SEA,1,9,43,117,102,15,20,9,0,4,10,2,1,13,33,0,1,1,0,1,2023/11/15 19:08,2022y,
1439,Skye Bolt,28,,,OAK,1,8,42,116,106,10,21,2,0,4,13,5,0,7,30,2,0,1,0,1,2023/11/15 19:08,2022y,
1440,Kris Bryant,30,,,COL,0,7,42,181,160,28,49,12,0,5,14,0,0,17,27,2,0,2,0,1,2023/11/15 19:08,2022y,
1441,Colin Moran*,29,,,CIN,0,3,42,128,109,11,23,3,0,5,23,0,0,16,30,0,0,3,0,1,2023/11/15 19:08,2022y,
1442,Stephen Piscotty,31,,,OAK,1,9,42,139,126,12,24,4,0,5,14,2,0,9,48,2,0,2,1,1,2023/11/15 19:08,2022y,
1443,David Bote,29,,,CHC,0,4,41,127,116,15,30,8,0,4,12,1,0,6,45,4,0,1,0,1,2023/11/15 19:08,2022y,
1444,Vaughn Grissom,21,,,ATL,0,6,41,156,141,24,41,6,0,5,18,5,2,11,34,3,0,1,1,1,2023/11/15 19:08,2022y,
1445,Darick Hall*,26,,,PHI,0,10,41,142,136,19,34,8,1,9,16,0,0,5,44,1,0,0,0,1,2023/11/15 19:08,2022y,
1446,Jake Lamb*,31,,,TOT,2,10,41,111,97,13,21,6,1,3,6,0,1,11,38,3,0,0,0,1,2023/11/15 19:08,2022y,
1447,Alcides Escobar,35,,,WSN,0,6,40,131,124,12,27,4,2,0,8,1,1,5,32,2,0,0,0,1,2023/11/15 19:08,2022y,
1448,Andy Ibanez,29,,,TEX,1,5,40,128,119,13,26,4,0,1,9,3,0,9,21,0,0,0,0,1,2023/11/15 19:08,2022y,
1449,Shea Langeliers,24,,,OAK,1,10,40,153,142,14,31,10,1,6,22,0,0,9,53,0,0,2,0,1,2023/11/15 19:08,2022y,
1450,Terrin Vavra*,25,,,BAL,1,4,40,103,89,14,23,2,1,1,12,0,1,12,19,0,0,2,0,1,2023/11/15 19:08,2022y,
1451,Dermis Garcia,24,,,OAK,1,3,39,125,116,13,24,6,0,5,20,0,0,8,55,1,0,0,0,1,2023/11/15 19:08,2022y,
1452,Bligh Madris*,26,,,PIT,0,9,39,123,113,10,20,7,0,1,7,2,1,10,31,0,0,0,0,1,2023/11/15 19:08,2022y,
1453,Michael Papierski,26,,,TOT,0,2,39,103,91,7,13,1,0,1,4,0,0,10,26,0,2,0,0,1,2023/11/15 19:08,2022y,
1454,Seth Beer*,25,,,ARI,0,10,38,126,111,4,21,3,0,1,9,0,0,11,31,3,0,1,1,1,2023/11/15 19:08,2022y,
1455,Tim Locastro,29,,,NYY,1,10,38,46,43,13,8,1,0,2,4,8,2,2,7,1,0,0,0,1,2023/11/15 19:08,2022y,
1456,Ehire Adrianza,32,,,TOT,0,5,37,110,97,8,17,3,0,0,7,1,0,11,25,1,0,1,0,1,2023/11/15 19:08,2022y,
1457,Jonathan Davis,30,,,MIL,0,8,37,91,76,9,17,1,0,0,4,7,1,14,26,0,1,0,0,1,2023/11/15 19:08,2022y,
1458,Billy Hamilton,31,,,TOT,2,10,37,23,20,13,1,0,0,0,0,10,1,2,12,0,1,0,0,1,2023/11/15 19:08,2022y,
1459,Mickey Moniak*,24,,,TOT,2,8,37,112,106,13,18,3,1,3,8,1,0,4,44,1,1,0,0,1,2023/11/15 19:08,2022y,
1460,Miguel Andujar,27,,,TOT,2,7,36,140,132,13,31,5,1,1,17,4,1,5,27,0,0,3,0,1,2023/11/15 19:08,2022y,
1461,Zack Collins*,27,,,TOT,2,2,36,108,97,9,15,4,0,4,11,0,0,9,41,1,0,1,0,1,2023/11/15 19:08,2022y,
1462,Austin Meadows*,27,,,DET,1,9,36,147,128,9,32,6,2,0,11,0,1,16,17,3,0,0,0,1,2023/11/15 19:08,2022y,
1463,Jason Vosler*,28,,,SFG,0,5,36,111,98,14,26,6,1,4,12,1,1,10,29,2,0,1,1,1,2023/11/15 19:08,2022y,
1464,Mike Zunino,31,,,TBR,1,2,36,123,115,7,17,3,0,5,16,0,0,6,46,1,0,1,0,1,2023/11/15 19:08,2022y,
1465,Nick Solak,27,,,TEX,1,7,35,95,82,14,17,1,0,3,4,3,2,7,19,5,1,0,0,1,2023/11/15 19:08,2022y,
1466,Alan Trejo,26,,,COL,0,6,35,125,118,15,32,6,0,4,17,1,2,5,31,2,0,0,0,1,2023/11/15 19:08,2022y,
1467,Jason Castro*,35,,,HOU,1,2,34,88,78,6,9,2,0,1,3,1,0,8,40,1,0,1,0,1,2023/11/15 19:08,2022y,
1468,Phil Gosselin,33,,,TOT,2,5,34,77,74,6,11,0,1,0,2,0,0,2,24,1,0,0,0,1,2023/11/15 19:08,2022y,
1469,Gunnar Henderson*,21,,,BAL,1,5,34,132,116,12,30,7,1,4,18,1,1,16,34,0,0,0,1,1,2023/11/15 19:08,2022y,
1470,Nick Maton*,25,,,PHI,0,4,34,85,72,13,18,2,1,5,17,0,0,10,29,1,0,2,0,1,2023/11/15 19:08,2022y,
1471,Andrelton Simmons,32,,,CHC,0,4,34,85,75,8,13,1,0,0,7,4,0,7,13,0,3,0,0,1,2023/11/15 19:08,2022y,
1472,Kyle Stowers*,24,,,BAL,1,7,34,98,91,11,23,4,1,3,11,0,0,5,29,2,0,0,0,1,2023/11/15 19:08,2022y,
1473,Robinson Cano*,39,,,TOT,0,4,33,104,100,5,15,1,0,1,4,0,0,4,25,0,0,0,0,1,2023/11/15 19:08,2022y,
1474,Sandy Leon,33,,,TOT,1,1,33,86,71,6,12,3,0,0,4,0,0,13,27,0,2,0,0,1,2023/11/15 19:08,2022y,
1475,Jonathan Aranda*,24,,,TBR,1,4,32,87,78,10,15,4,0,2,6,0,0,8,23,1,0,0,1,1,2023/11/15 19:08,2022y,
1476,Luis Barrera*,26,,,OAK,1,7,32,85,77,3,18,5,0,1,7,3,0,6,17,1,0,1,0,1,2023/11/15 19:08,2022y,
1477,Peyton Burdick,25,,,MIA,0,7,32,102,92,8,19,4,0,4,11,1,0,8,35,2,0,0,0,1,2023/11/15 19:08,2022y,
1478,Corbin Carroll*,21,,,ARI,0,7,32,115,104,13,27,9,2,4,14,2,1,8,31,3,0,0,0,1,2023/11/15 19:08,2022y,
1479,Romy Gonzalez,25,,,CHW,1,4,32,109,105,15,25,4,1,2,11,0,1,2,39,1,0,1,0,1,2023/11/15 19:08,2022y,
1480,J.J. Matijevic*,26,,,HOU,1,10,32,71,67,7,14,2,0,2,5,1,0,2,25,2,0,0,0,1,2023/11/15 19:08,2022y,
1481,Drew Waters,23,,,KCR,1,9,32,109,96,14,23,6,1,5,18,0,0,12,40,0,0,0,0,1,2023/11/15 19:08,2022y,
1482,Kerry Carpenter*,24,,,DET,1,10,31,113,103,16,26,4,1,6,10,0,0,6,32,3,0,1,0,1,2023/11/15 19:08,2022y,
1483,Michael Hermosillo,27,,,CHC,0,8,31,73,61,7,7,2,0,0,4,1,0,7,27,4,1,0,0,1,2023/11/15 19:08,2022y,
1484,Derek Hill,26,,,DET,1,8,31,92,83,8,19,2,0,1,3,3,0,5,28,0,3,1,0,1,2023/11/15 19:08,2022y,
1485,Jake Marisnick,31,,,PIT,0,8,31,82,77,9,18,6,0,2,6,2,1,4,24,0,1,0,1,1,2023/11/15 19:08,2022y,
1486,Danny Mendick,28,,,CHW,1,6,31,106,97,22,28,4,1,3,15,1,0,7,23,1,1,0,0,1,2023/11/15 19:08,2022y,
1487,Yermin Mercedes,29,,,SFG,0,10,31,83,73,9,17,5,0,1,8,0,0,9,17,1,0,0,0,1,2023/11/15 19:08,2022y,
1488,Michael Toglia,23,,,COL,0,9,31,120,111,10,24,8,2,2,12,1,1,9,44,0,0,0,0,1,2023/11/15 19:08,2022y,
1489,Buddy Kennedy,23,,,ARI,0,4,30,94,83,10,18,2,2,1,12,0,0,8,23,1,0,2,0,1,2023/11/15 19:08,2022y,
1490,Mark Mathias,27,,,TOT,2,10,30,91,81,13,20,3,0,6,20,3,0,9,30,0,0,1,0,1,2023/11/15 19:08,2022y,
1491,Jermaine Palacios,25,,,MIN,1,6,30,77,70,8,10,0,0,2,6,0,0,4,27,0,1,2,0,1,2023/11/15 19:08,2022y,
1492,Steven Duggar*,28,,,TOT,2,8,29,80,72,7,11,3,1,0,4,5,1,7,41,0,0,1,0,1,2023/11/15 19:08,2022y,
1493,Yairo Munoz,27,,,PHI,0,4,29,60,57,7,12,2,0,3,7,1,0,3,10,0,0,0,0,1,2023/11/15 19:08,2022y,
1494,Josh Palacios*,26,,,WSN,0,10,29,49,47,8,10,2,0,0,2,1,0,1,15,1,0,0,0,1,2023/11/15 19:08,2022y,
1495,Matt Thaiss*,27,,,LAA,1,2,29,81,69,9,15,1,0,2,8,1,0,11,24,0,0,1,1,1,2023/11/15 19:08,2022y,
1496,Will Benson*,24,,,CLE,1,8,28,61,55,8,10,1,0,0,3,0,0,3,19,2,1,0,0,1,2023/11/15 19:08,2022y,
1497,Mark Contreras*,27,,,MIN,1,8,28,61,58,9,7,1,0,3,6,1,0,1,21,1,0,1,0,1,2023/11/15 19:08,2022y,
1498,Jake Hager,29,,,ARI,0,4,28,59,50,4,12,2,0,0,3,0,0,8,17,0,1,0,0,1,2023/11/15 19:08,2022y,
1499,Nolan Jones*,24,,,CLE,1,9,28,94,86,10,21,5,0,2,13,0,0,8,31,0,0,0,1,1,2023/11/15 19:08,2022y,
1500,Garrett Mitchell*,23,,,MIL,0,8,28,68,61,9,19,3,0,2,9,8,0,6,28,0,1,0,0,1,2023/11/15 19:08,2022y,
1501,Spencer Steer,24,,,CIN,0,5,28,108,95,12,20,5,0,2,8,0,1,11,26,2,0,0,0,1,2023/11/15 19:08,2022y,
1502,Sean Bouchard,26,,,COL,0,7,27,97,74,9,22,6,0,3,11,0,0,21,25,1,0,1,0,1,2023/11/15 19:08,2022y,
1503,Triston Casas*,22,,,BOS,1,3,27,95,76,11,15,1,0,5,12,1,0,19,23,0,0,0,0,1,2023/11/15 19:08,2022y,
1504,Stone Garrett,26,,,ARI,0,7,27,84,76,13,21,8,0,4,10,3,1,3,27,1,0,1,0,1,2023/11/15 19:08,2022y,
1505,Edwin Rios*,28,,,LAD,0,10,27,92,86,12,21,1,0,7,17,0,1,5,36,1,0,0,1,1,2023/11/15 19:08,2022y,
1506,Connor Wong,26,,,BOS,1,2,27,56,48,8,9,3,0,1,7,0,0,5,16,1,1,1,0,1,2023/11/15 19:08,2022y,
1507,Travis Demeritte,27,,,ATL,0,9,26,96,89,9,19,2,0,3,6,0,0,6,32,0,0,1,0,1,2023/11/15 19:08,2022y,
1508,Josh Jung,24,,,TEX,1,5,26,102,98,9,20,4,1,5,14,2,0,4,39,0,0,0,0,1,2023/11/15 19:08,2022y,
1509,Ryan Kreidler,24,,,DET,1,5,26,84,73,8,13,1,0,1,6,0,1,6,22,1,2,2,0,1,2023/11/15 19:08,2022y,
1510,Chris Owings,30,,,BAL,1,4,26,68,56,6,6,2,0,0,0,1,0,10,24,1,1,0,0,1,2023/11/15 19:08,2022y,
1511,Meibrys Viloria*,25,,,TEX,1,2,26,75,63,10,10,1,0,2,5,0,0,11,29,0,0,1,0,1,2023/11/15 19:08,2022y,
1512,Gabriel Moreno,22,,,TOR,1,2,25,73,69,10,22,1,0,1,7,0,0,4,8,0,0,0,0,1,2023/11/15 19:08,2022y,
1513,Rene Pinto,25,,,TBR,1,2,25,83,80,5,17,3,0,2,10,0,0,2,35,1,0,0,0,1,2023/11/15 19:08,2022y,
1514,Chuckie Robinson,27,,,CIN,0,2,25,60,59,3,8,2,0,2,5,0,0,0,17,0,1,0,0,1,2023/11/15 19:08,2022y,
1515,Michael Stefanic,26,,,LAA,1,4,25,69,61,5,12,2,0,0,0,0,0,5,12,2,1,0,0,1,2023/11/15 19:08,2022y,
1516,Donovan Walton*,28,,,TOT,2,4,25,78,76,9,12,8,0,1,8,0,0,1,16,1,0,0,0,1,2023/11/15 19:08,2022y,
1517,Tyler Freeman,23,,,CLE,1,5,24,86,77,9,19,3,0,0,3,1,0,4,11,4,0,1,0,1,2023/11/15 19:08,2022y,
1518,Patrick Mazeika*,28,,,NYM,0,2,24,72,68,4,13,4,0,1,6,0,0,2,9,0,2,0,0,1,2023/11/15 19:08,2022y,
1519,Jerar Encarnacion,24,,,MIA,0,7,23,81,77,7,14,3,0,3,14,2,0,3,32,0,0,1,0,1,2023/11/15 19:08,2022y,
1520,Jack Mayfield,31,,,LAA,1,4,23,74,70,8,13,1,1,1,6,1,0,3,17,1,0,0,0,1,2023/11/15 19:08,2022y,
1521,Billy McKinney*,27,,,OAK,1,9,23,57,52,3,5,1,0,1,4,0,0,4,16,0,0,1,1,1,2023/11/15 19:08,2022y,
1522,Hoy Park*,26,,,PIT,0,4,23,60,51,7,11,2,0,2,6,1,0,4,15,1,2,2,0,1,2023/11/15 19:08,2022y,
1523,Cal Stevenson*,25,,,OAK,1,8,23,71,60,5,10,3,0,0,1,1,1,8,23,0,2,1,0,1,2023/11/15 19:08,2022y,
1524,Anthony Bemboom*,32,,,BAL,1,2,22,59,52,4,6,2,0,1,1,0,0,6,17,0,1,0,0,1,2023/11/15 19:08,2022y,
1525,Willie Calhoun*,27,,,TOT,2,10,22,62,52,7,7,3,0,1,3,0,0,9,8,1,0,0,0,1,2023/11/15 19:08,2022y,
1526,Conner Capel*,25,,,TOT,2,9,22,59,52,7,16,0,1,3,11,1,1,5,10,0,0,2,0,1,2023/11/15 19:08,2022y,
1527,Ben DeLuzio,27,,,STL,0,8,22,25,20,3,3,1,0,0,0,0,1,3,5,1,1,0,0,1,2023/11/15 19:08,2022y,
1528,Caleb Hamilton,27,,,MIN,1,2,22,23,18,5,1,0,0,1,1,0,0,4,14,0,1,0,0,1,2023/11/15 19:08,2022y,
1529,David MacKinnon,27,,,TOT,1,3,22,57,50,2,7,0,0,0,6,0,0,6,17,0,0,1,0,1,2023/11/15 19:08,2022y,
1530,Luke Raley*,27,,,TBR,1,9,22,72,61,7,12,2,0,1,4,0,0,7,24,3,0,1,0,1,2023/11/15 19:08,2022y,
1531,Jose Rojas*,29,,,LAA,1,5,22,57,56,1,7,2,0,0,1,0,0,0,19,1,0,0,0,1,2023/11/15 19:08,2022y,
1532,Dee Strange-Gordon*,34,,,WSN,0,6,22,59,59,6,18,1,1,0,2,3,2,0,8,0,0,0,0,1,2023/11/15 19:08,2022y,
1533,Willians Astudillo,30,,,MIA,0,5,21,55,54,5,13,0,0,1,4,1,0,1,3,0,0,0,0,1,2023/11/15 19:08,2022y,
1534,Daz Cameron,25,,,DET,1,9,21,70,64,6,14,3,1,1,8,2,0,5,20,1,0,0,0,1,2023/11/15 19:08,2022y,
1535,Roberto Perez,33,,,PIT,0,2,21,69,60,8,14,2,0,2,8,0,0,9,25,0,0,0,0,1,2023/11/15 19:08,2022y,
1536,Matt Beaty*,29,,,SDP,0,9,20,47,43,6,4,1,1,0,1,0,0,2,8,2,0,0,0,1,2023/11/15 19:08,2022y,
1537,Juan Lagares,33,,,LAA,1,9,20,62,60,4,11,2,1,0,0,0,0,2,15,0,0,0,0,1,2023/11/15 19:08,2022y,
1538,Miguel Sano,29,,,MIN,1,3,20,71,60,1,5,0,0,1,3,1,0,9,25,1,0,1,0,1,2023/11/15 19:08,2022y,
1539,Tres Barrera,27,,,WSN,0,2,19,53,50,2,9,1,0,0,4,0,0,2,16,0,1,0,0,1,2023/11/15 19:08,2022y,
1540,Clint Frazier,27,,,CHC,0,10,19,45,37,4,8,3,0,0,1,1,0,7,11,1,0,0,0,1,2023/11/15 19:08,2022y,
1541,Cam Gallagher,29,,,KCR,1,2,18,47,42,1,9,5,0,0,5,0,0,3,13,0,2,0,0,1,2023/11/15 19:08,2022y,
1542,Kyle Lewis,26,,,SEA,1,10,18,62,56,6,8,0,0,3,5,0,0,5,19,1,0,0,0,1,2023/11/15 19:08,2022y,
1543,Oswald Peraza,22,,,NYY,1,6,18,57,49,8,15,3,0,1,2,2,0,6,9,2,0,0,0,1,2023/11/15 19:08,2022y,
1544,Livan Soto*,22,,,LAA,1,6,18,59,55,9,22,5,1,1,9,1,1,2,13,0,1,1,0,1,2023/11/15 19:08,2022y,
1545,Cole Tucker,25,,,PIT,0,9,18,63,63,3,11,1,1,0,2,1,0,0,25,0,0,0,0,1,2023/11/15 19:08,2022y,
1546,Miguel Vargas,22,,,LAD,0,3,18,50,47,4,8,1,0,1,8,1,0,2,13,0,0,1,0,1,2023/11/15 19:08,2022y,
1547,Matt Wallner*,24,,,MIN,1,9,18,65,57,4,13,3,0,2,10,1,0,6,25,2,0,0,1,1,2023/11/15 19:08,2022y,
1548,Nick Ahmed,32,,,ARI,0,6,17,54,52,7,12,2,0,3,7,0,1,2,15,0,0,0,0,1,2023/11/15 19:08,2022y,
1549,Estevan Florial*,24,,,NYY,1,8,17,35,31,4,3,0,0,0,1,2,0,3,13,1,0,0,0,1,2023/11/15 19:08,2022y,
1550,Jordan Groshans,22,,,MIA,0,5,17,65,61,9,16,0,0,1,2,0,0,4,13,0,0,0,0,1,2023/11/15 19:08,2022y,
1551,Sebastian Rivero,23,,,KCR,1,2,17,29,26,2,4,0,0,0,1,0,0,2,10,0,1,0,0,1,2023/11/15 19:08,2022y,
1552,Esteury Ruiz,23,,,TOT,0,7,17,36,35,3,6,1,1,0,2,1,2,1,7,0,0,0,0,1,2023/11/15 19:08,2022y,
1553,Yolmer Sanchez,30,,,TOT,2,4,17,44,37,1,4,0,0,0,2,0,2,5,13,0,2,0,0,1,2023/11/15 19:08,2022y,
1554,Justin Upton,34,,,SEA,1,10,17,57,48,2,6,1,0,1,3,0,0,6,23,3,0,0,0,1,2023/11/15 19:08,2022y,
1555,Gabriel Arias,22,,,CLE,1,5,16,57,47,9,9,1,1,1,5,1,0,8,16,1,1,0,0,1,2023/11/15 19:08,2022y,
1556,Lewis Brinson,28,,,SFG,0,8,16,39,36,5,6,2,0,3,4,1,0,2,14,0,1,0,0,1,2023/11/15 19:08,2022y,
1557,Alec Burleson*,23,,,STL,0,9,16,53,48,4,9,1,0,1,3,1,0,5,9,0,0,0,0,1,2023/11/15 19:08,2022y,
1558,Luis Campusano,23,,,SDP,0,2,16,50,48,4,12,1,0,1,5,0,0,1,11,0,0,1,0,1,2023/11/15 19:08,2022y,
1559,Erik Gonzalez,30,,,MIA,0,6,16,41,37,4,7,1,0,0,3,1,0,4,12,0,0,0,0,1,2023/11/15 19:08,2022y,
1560,David Hensley,26,,,HOU,1,10,16,34,29,7,10,2,1,1,5,0,0,5,6,0,0,0,0,1,2023/11/15 19:08,2022y,
1561,Andrew Knapp,30,,,TOT,2,2,16,46,39,4,5,1,0,0,4,0,0,5,12,1,0,1,0,1,2023/11/15 19:08,2022y,
1562,Zach Reks*,28,,,TEX,1,7,16,34,34,3,9,1,0,0,3,0,1,0,10,0,0,0,0,1,2023/11/15 19:08,2022y,
1563,Brent Rooker,27,,,TOT,2,7,16,36,32,1,4,1,0,0,2,0,0,3,11,1,0,0,0,1,2023/11/15 19:08,2022y,
1564,Mark Vientos,22,,,NYM,0,10,16,41,36,3,6,1,0,1,3,0,0,5,12,0,0,0,0,1,2023/11/15 19:08,2022y,
1565,Abraham Almonte,33,,,BOS,1,10,15,37,35,7,9,2,0,1,2,1,0,1,12,1,0,0,0,1,2023/11/15 19:08,2022y,
1566,Jonathan Arauz,23,,,TOT,1,5,15,41,38,3,5,0,0,1,5,0,0,1,12,0,1,1,0,1,2023/11/15 19:08,2022y,
1567,Matthew Batten,27,,,SDP,0,5,15,22,19,0,2,1,0,0,1,0,0,2,6,1,0,0,0,1,2023/11/15 19:08,2022y,
1568,Jordan Diaz,21,,,OAK,1,4,15,51,49,3,13,3,0,0,1,0,0,2,7,0,0,0,0,1,2023/11/15 19:08,2022y,
1569,Niko Goodrum,30,,,HOU,1,4,15,45,43,2,5,2,0,0,1,1,0,2,23,0,0,0,0,1,2023/11/15 19:08,2022y,
1570,Payton Henry,25,,,MIA,0,2,15,35,28,2,4,0,0,0,4,0,0,5,8,2,0,0,0,1,2023/11/15 19:08,2022y,
1571,Adalberto Mondesi,26,,,KCR,1,6,15,54,50,3,7,0,0,0,3,5,0,4,20,0,0,0,0,1,2023/11/15 19:08,2022y,
1572,Eddy Alvarez*,32,,,LAD,0,5,14,27,25,1,4,0,0,0,3,1,0,0,9,0,1,1,0,1,2023/11/15 19:08,2022y,
1573,Jeter Downs,23,,,BOS,1,4,14,41,39,4,6,1,0,1,4,0,0,1,21,0,0,1,0,1,2023/11/15 19:08,2022y,
1574,Dalton Guthrie,26,,,PHI,0,9,14,28,21,3,7,0,0,1,5,1,0,6,7,1,0,0,0,1,2023/11/15 19:08,2022y,
1575,Adam Haseley*,26,,,CHW,1,10,14,25,21,4,5,0,0,0,2,0,0,3,7,0,1,0,0,1,2023/11/15 19:08,2022y,
1576,Elier Hernandez,27,,,TEX,1,7,14,35,33,4,6,2,0,0,3,0,0,1,15,0,0,1,0,1,2023/11/15 19:08,2022y,
1577,Tom Murphy,31,,,SEA,1,2,14,42,33,9,10,2,0,1,1,0,0,8,13,0,0,0,0,1,2023/11/15 19:08,2022y,
1578,Dom Nunez*,27,,,COL,0,2,14,41,33,3,4,1,0,0,2,0,0,6,10,0,0,2,0,1,2023/11/15 19:08,2022y,
1579,Nick Plummer*,25,,,NYM,0,10,14,31,29,4,4,1,0,2,6,0,0,1,12,1,0,0,0,1,2023/11/15 19:08,2022y,
1580,Esteban Quiroz*,30,,,CHC,0,4,14,47,40,3,11,0,0,0,3,1,1,4,9,2,1,0,0,1,2023/11/15 19:08,2022y,
1581,Matt Davidson,31,,,TOT,2,5,13,37,34,3,5,0,0,2,3,0,1,3,13,0,0,0,0,1,2023/11/15 19:08,2022y,
1582,Alex Dickerson*,32,,,ATL,0,10,13,36,33,3,4,0,0,1,2,0,0,3,9,0,0,0,0,1,2023/11/15 19:08,2022y,
1583,Richie Martin,27,,,BAL,1,4,13,33,30,4,5,0,2,0,3,3,1,3,10,0,0,0,0,1,2023/11/15 19:08,2022y,
1584,Kevin Padlo,25,,,TOT,2,3,13,34,33,0,4,1,0,0,3,0,0,1,10,0,0,0,0,1,2023/11/15 19:08,2022y,
1585,Max Schrock*,27,,,CIN,0,10,13,27,26,1,4,0,0,0,1,0,0,1,6,0,0,0,0,1,2023/11/15 19:08,2022y,
1586,Tim Beckham,32,,,MIN,1,10,12,25,25,1,2,0,0,0,1,0,0,0,9,0,0,0,0,1,2023/11/15 19:08,2022y,
1587,Wynton Bernard,31,,,COL,0,8,12,42,42,9,12,1,0,0,3,3,1,0,8,0,0,0,0,1,2023/11/15 19:08,2022y,
1588,Jaylin Davis,27,,,BOS,1,10,12,27,24,4,8,1,0,0,2,0,0,3,11,0,0,0,0,1,2023/11/15 19:08,2022y,
1589,Kelvin Gutierrez,27,,,BAL,1,5,12,33,28,2,4,1,0,0,3,1,0,4,8,0,0,0,0,1,2023/11/15 19:08,2022y,
1590,Yonny Hernandez,24,,,ARI,0,5,12,28,24,2,2,0,0,0,0,2,0,2,4,0,2,0,0,1,2023/11/15 19:08,2022y,
1591,Korey Lee,23,,,HOU,1,2,12,26,25,1,4,2,0,0,4,0,0,1,9,0,0,0,0,1,2023/11/15 19:08,2022y,
1592,Royce Lewis,23,,,MIN,1,8,12,41,40,5,12,4,0,2,5,0,0,1,5,0,0,0,0,1,2023/11/15 19:08,2022y,
1593,Chad Wallach,30,,,LAA,1,2,12,40,35,3,5,1,0,1,4,0,0,4,9,0,1,0,0,1,2023/11/15 19:08,2022y,
1594,Brett Baty*,22,,,NYM,0,5,11,42,38,4,7,0,0,2,5,0,0,2,8,1,0,0,0,1,2023/11/15 19:08,2022y,
1595,Will Brennan*,24,,,CLE,1,7,11,45,42,6,15,1,1,1,8,2,1,2,4,1,0,0,1,1,2023/11/15 19:08,2022y,
1596,Ivan Herrera,22,,,STL,0,2,11,22,18,0,2,0,0,0,1,0,0,2,8,0,1,1,0,1,2023/11/15 19:08,2022y,
1597,Ender Inciarte*,31,,,NYM,0,7,11,8,8,1,1,0,0,0,0,0,0,0,0,0,0,0,0,1,2023/11/15 19:08,2022y,
1598,Bryce Johnson,26,,,SFG,0,8,11,19,18,1,2,0,0,0,2,0,0,1,7,0,0,0,0,1,2023/11/15 19:08,2022y,
1599,Lenyn Sosa,22,,,CHW,1,4,11,36,35,3,4,1,0,1,1,0,0,1,12,0,0,0,0,1,2023/11/15 19:08,2022y,
1600,Ji Hwan Bae*,22,,,PIT,0,8,10,37,33,5,11,3,0,0,6,3,0,2,6,2,0,0,0,1,2023/11/15 19:08,2022y,
1601,Lucius Fox,24,,,WSN,0,6,10,28,25,2,2,0,0,0,2,1,0,1,9,0,2,0,0,1,2023/11/15 19:08,2022y,
1602,Jose Godoy*,27,,,TOT,2,2,10,22,20,3,1,0,0,0,1,0,0,2,9,0,0,0,0,1,2023/11/15 19:08,2022y,
1603,Terrance Gore,31,,,NYM,0,10,10,8,7,1,1,0,0,0,0,3,0,0,3,0,1,0,0,1,2023/11/15 19:08,2022y,
1604,Mark Kolozsvary,26,,,CIN,0,2,10,21,20,3,4,2,0,1,3,0,0,1,9,0,0,0,0,1,2023/11/15 19:08,2022y,
1605,Cody Thomas*,27,,,OAK,1,7,10,32,30,1,8,0,0,0,0,0,0,2,12,0,0,0,0,1,2023/11/15 19:08,2022y,
1606,Maikel Garcia,22,,,KCR,1,6,9,23,22,1,7,1,0,0,2,0,0,1,5,0,0,0,0,1,2023/11/15 19:08,2022y,
1607,Monte Harrison,26,,,LAA,1,7,9,14,11,5,2,0,0,1,3,1,0,2,8,1,0,0,0,1,2023/11/15 19:08,2022y,
1608,Simon Muzziotti*,23,,,PHI,0,8,9,9,7,0,1,0,0,0,0,0,0,0,2,1,1,0,0,1,2023/11/15 19:08,2022y,
1609,Heliot Ramos,22,,,SFG,0,9,9,22,20,4,2,0,0,0,0,0,0,2,6,0,0,0,0,1,2023/11/15 19:08,2022y,
1610,Michael Siani*,22,,,CIN,0,8,9,24,24,1,4,0,0,0,0,0,1,0,7,0,0,0,0,1,2023/11/15 19:08,2022y,
1611,Ezequiel Tovar,20,,,COL,0,6,9,35,33,2,7,1,0,1,2,0,0,2,9,0,0,0,0,1,2023/11/15 19:08,2022y,
1612,Bobby Bradley*,26,,,CLE,1,3,8,17,17,1,2,0,0,0,0,0,0,0,9,0,0,0,0,1,2023/11/15 19:08,2022y,
1613,Vinny Capra,25,,,TOR,1,10,8,7,5,2,1,0,0,0,0,0,0,2,1,0,0,0,0,1,2023/11/15 19:08,2022y,
1614,Dustin Garneau,34,,,DET,1,2,8,11,10,1,3,1,0,0,1,0,0,1,4,0,0,0,0,1,2023/11/15 19:08,2022y,
1615,Gosuke Katoh*,27,,,TOR,1,3,8,11,7,2,1,1,0,0,0,0,0,3,1,0,1,0,0,1,2023/11/15 19:08,2022y,
1616,Otto Lopez,23,,,TOR,1,6,8,10,9,0,6,0,0,0,3,0,1,1,1,0,0,0,0,1,2023/11/15 19:08,2022y,
1617,Miles Mastrobuoni*,26,,,TBR,1,4,8,17,16,1,3,0,0,0,0,1,0,1,6,0,0,0,0,1,2023/11/15 19:08,2022y,
1618,Mark Payton*,30,,,CHW,1,7,8,25,21,3,3,0,0,0,1,0,0,4,4,0,0,0,0,1,2023/11/15 19:08,2022y,
1619,Pedro Severino,28,,,MIL,0,2,8,21,18,0,4,2,0,0,1,0,0,3,7,0,0,0,0,1,2023/11/15 19:08,2022y,
1620,Dillon Thomas*,29,,,LAA,1,7,8,14,11,1,1,0,0,0,0,0,0,2,6,1,0,0,0,1,2023/11/15 19:08,2022y,
1621,Ryan Aguilar*,27,,,LAA,1,9,7,26,22,2,3,1,0,0,2,0,0,2,14,1,0,1,0,1,2023/11/15 19:08,2022y,
1622,Drew Ellis,26,,,TOT,2,5,7,17,16,2,3,1,0,0,1,0,0,1,7,0,0,0,0,1,2023/11/15 19:08,2022y,
1623,Luis Liberato*,26,,,SDP,0,10,7,5,5,0,0,0,0,0,0,0,0,0,3,0,0,0,0,1,2023/11/15 19:08,2022y,
1624,Chris Okey,27,,,CIN,0,2,7,13,12,3,2,0,0,0,0,0,0,0,5,1,0,0,0,1,2023/11/15 19:08,2022y,
1625,Carlos Perez,25,,,CHW,1,2,7,18,18,0,4,2,0,0,2,0,0,0,2,0,0,0,0,1,2023/11/15 19:08,2022y,
1626,Ford Proctor*,25,,,SFG,0,4,7,22,18,3,2,0,0,1,6,0,0,2,3,0,0,2,0,1,2023/11/15 19:08,2022y,
1627,Eguy Rosario,22,,,SDP,0,10,7,6,5,0,1,0,0,0,0,0,0,1,2,0,0,0,0,1,2023/11/15 19:08,2022y,
1628,Travis Shaw*,32,,,BOS,1,3,7,19,19,0,0,0,0,0,0,0,0,0,7,0,0,0,0,1,2023/11/15 19:08,2022y,
1629,Yainer Diaz,23,,,HOU,1,10,6,9,8,0,1,1,0,0,1,0,0,1,2,0,0,0,0,1,2023/11/15 19:08,2022y,
1630,Brewer Hicklen,26,,,KCR,1,10,6,4,4,1,0,0,0,0,0,0,0,0,4,0,0,0,0,1,2023/11/15 19:08,2022y,
1631,Bryan Lavastida,23,,,CLE,1,2,6,15,12,0,1,0,0,0,0,0,0,3,4,0,0,0,0,1,2023/11/15 19:08,2022y,
1632,Zack Short,27,,,DET,1,6,6,13,9,2,0,0,0,0,2,1,0,2,5,0,0,2,0,1,2023/11/15 19:08,2022y,
1633,Steven Souza Jr.,33,,,SEA,1,9,6,19,19,0,3,0,0,0,1,0,0,0,8,0,0,0,0,1,2023/11/15 19:08,2022y,
1634,Jared Young*,26,,,CHC,0,10,6,22,19,2,5,2,0,0,0,1,0,3,7,0,0,0,0,1,2023/11/15 19:08,2022y,
1635,Austin Allen*,28,,,OAK,1,2,5,16,14,1,1,0,0,0,0,0,0,1,9,1,0,0,0,1,2023/11/15 19:08,2022y,
1636,Francisco Alvarez,20,,,NYM,0,10,5,14,12,3,2,1,0,1,1,0,0,2,4,0,0,0,0,1,2023/11/15 19:08,2022y,
1637,Rylan Bannon,26,,,TOT,2,5,5,15,14,0,2,0,0,0,0,0,0,0,5,1,0,0,0,1,2023/11/15 19:08,2022y,
1638,Dairon Blanco,29,,,KCR,1,8,5,7,7,1,2,0,0,0,2,1,0,0,4,0,0,0,0,1,2023/11/15 19:08,2022y,
1639,Brandon Dixon,30,,,SDP,0,10,5,14,14,1,3,1,0,0,1,0,0,0,5,0,0,0,0,1,2023/11/15 19:08,2022y,
1640,Alex Jackson,26,,,MIL,0,2,5,12,12,0,3,0,0,0,0,0,0,0,7,0,0,0,0,1,2023/11/15 19:08,2022y,
1641,Dixon Machado,30,,,SFG,0,6,5,17,15,1,3,0,0,0,0,0,0,1,5,1,0,0,0,1,2023/11/15 19:08,2022y,
1642,Deven Marrero,31,,,NYM,0,6,5,6,6,0,0,0,0,0,0,1,0,0,3,0,0,0,0,1,2023/11/15 19:08,2022y,
1643,Bo Naylor*,22,,,CLE,1,2,5,8,8,0,0,0,0,0,0,0,0,0,5,0,0,0,0,1,2023/11/15 19:08,2022y,
1644,Logan O'Hoppe,22,,,LAA,1,2,5,16,14,1,4,0,0,0,2,0,0,2,3,0,0,0,0,1,2023/11/15 19:08,2022y,
1645,Manny Pina,35,,,ATL,0,2,5,17,14,1,2,0,0,0,2,0,0,1,1,1,0,1,0,1,2023/11/15 19:08,2022y,
1646,Pablo Reyes,28,,,MIL,0,6,5,16,15,1,4,0,0,0,0,0,0,1,2,0,0,0,0,1,2023/11/15 19:08,2022y,
1647,Travis Swaggerty*,24,,,PIT,0,7,5,9,9,0,1,0,0,0,0,0,0,0,4,0,0,0,0,1,2023/11/15 19:08,2022y,
1648,Steele Walker*,25,,,TEX,1,7,5,16,14,1,1,0,0,1,1,0,0,2,4,0,0,0,0,1,2023/11/15 19:08,2022y,
1649,Aaron Whitefield,25,,,LAA,1,9,5,11,11,0,0,0,0,0,0,0,0,0,5,0,0,0,0,1,2023/11/15 19:08,2022y,
1650,Felix Bautista,27,,,BAL,1,1,4,0,0,0,0,0,0,0,0,0,0,0,0,0,0,0,0,1,2023/11/15 19:08,2022y,
1651,Taylor Clarke,29,,,KCR,1,1,4,0,0,0,0,0,0,0,0,0,0,0,0,0,0,0,0,1,2023/11/15 19:08,2022y,
1652,Dylan Coleman,25,,,KCR,1,1,4,0,0,0,0,0,0,0,0,0,0,0,0,0,0,0,0,1,2023/11/15 19:08,2022y,
1653,Narciso Crook,26,,,CHC,0,10,4,9,8,1,2,1,0,0,2,0,0,0,3,0,0,1,0,1,2023/11/15 19:08,2022y,
1654,Christian Lopes,29,,,OAK,1,4,4,10,9,0,0,0,0,0,0,0,0,1,5,0,0,0,0,1,2023/11/15 19:08,2022y,
1655,Jorge Lopez,29,,,TOT,1,1,4,0,0,0,0,0,0,0,0,0,0,0,0,0,0,0,0,1,2023/11/15 19:08,2022y,
1656,Mickey McDonald,27,,,OAK,1,10,4,6,4,0,0,0,0,0,0,0,0,2,3,0,0,0,0,1,2023/11/15 19:08,2022y,
1657,James Outman*,25,,,LAD,0,7,4,16,13,6,6,2,0,1,3,0,0,2,7,1,0,0,0,1,2023/11/15 19:08,2022y,
1658,Kevin Pillar,33,,,LAD,0,7,4,13,12,1,1,1,0,0,0,0,0,1,4,0,0,0,0,1,2023/11/15 19:08,2022y,
1659,Israel Pineda,22,,,WSN,0,2,4,14,13,1,1,0,0,0,0,0,0,1,7,0,0,0,0,1,2023/11/15 19:08,2022y,
1660,Daniel Bard,37,,,COL,0,1,3,0,0,0,0,0,0,0,0,0,0,0,0,0,0,0,0,1,2023/11/15 19:08,2022y,
1661,Scott Barlow,29,,,KCR,1,1,3,0,0,0,0,0,0,0,0,0,0,0,0,0,0,0,0,1,2023/11/15 19:08,2022y,
1662,Brendon Davis,24,,,DET,1,9,3,11,10,2,2,0,0,0,0,1,0,1,3,0,0,0,0,1,2023/11/15 19:08,2022y,
1663,Austin Dean,28,,,SFG,0,7,3,9,8,1,3,0,0,0,0,0,0,1,0,0,0,0,0,1,2023/11/15 19:08,2022y,
1664,Wilmer Difo,30,,,ARI,0,6,3,6,6,0,0,0,0,0,0,0,0,0,1,0,0,0,0,1,2023/11/15 19:08,2022y,
1665,Joe Dunand,26,,,MIA,0,4,3,11,10,2,3,1,0,1,1,0,0,0,3,1,0,0,0,1,2023/11/15 19:08,2022y,
1666,Jhoan Duran,24,,,MIN,1,1,3,0,0,0,0,0,0,0,0,0,0,0,0,0,0,0,0,1,2023/11/15 19:08,2022y,
1667,Freddy Fermin,27,,,KCR,1,2,3,7,7,1,0,0,0,0,0,0,1,0,3,0,0,0,0,1,2023/11/15 19:08,2022y,
1668,Ronald Guzman*,27,,,NYY,1,3,3,6,6,0,0,0,0,0,0,0,0,0,5,0,0,0,0,1,2023/11/15 19:08,2022y,
1669,Drew Jackson,28,,,OAK,1,9,3,3,3,0,0,0,0,0,0,0,0,0,1,0,0,0,0,1,2023/11/15 19:08,2022y,
1670,Jason Krizan*,33,,,SFG,0,7,3,10,8,0,1,0,0,0,0,0,0,2,3,0,0,0,0,1,2023/11/15 19:08,2022y,
1671,Donny Sands,26,,,PHI,0,10,3,4,3,0,0,0,0,0,0,0,0,1,1,0,0,0,0,1,2023/11/15 19:08,2022y,
1672,Tanner Scott,27,,,MIA,0,1,3,0,0,0,0,0,0,0,0,0,0,0,0,0,0,0,0,1,2023/11/15 19:08,2022y,
1673,Paul Sewald,32,,,SEA,1,1,3,0,0,0,0,0,0,0,0,0,0,0,0,0,0,0,0,1,2023/11/15 19:08,2022y,
1674,Canaan Smith-Njigba*,23,,,PIT,0,7,3,7,5,1,1,1,0,0,0,0,0,1,0,1,0,0,0,1,2023/11/15 19:08,2022y,
1675,DJ Stewart*,28,,,BAL,1,10,3,3,3,0,0,0,0,0,0,0,0,0,2,0,0,0,0,1,2023/11/15 19:08,2022y,
1676,Marcus Wilson,25,,,SEA,1,10,3,6,5,1,1,0,0,0,0,0,0,1,4,0,0,0,0,1,2023/11/15 19:08,2022y,
1677,Anthony Alford,27,,,PIT,0,8,2,4,4,0,1,0,0,0,0,0,0,0,2,0,0,0,0,1,2023/11/15 19:08,2022y,
1678,Tyler Anderson*,32,,,LAD,0,1,2,1,1,0,0,0,0,0,0,0,0,0,1,0,0,0,0,1,2023/11/15 19:08,2022y,
1679,Phil Bickford,26,,,LAD,0,1,2,0,0,0,0,0,0,0,0,0,0,0,0,0,0,0,0,1,2023/11/15 19:08,2022y,
1680,Diego Castillo,28,,,SEA,1,1,2,0,0,0,0,0,0,0,0,0,0,0,0,0,0,0,0,1,2023/11/15 19:08,2022y,
1681,Edwin Diaz,28,,,NYM,0,1,2,0,0,0,0,0,0,0,0,0,0,0,0,0,0,0,0,1,2023/11/15 19:08,2022y,
1682,Tyler Duffey,31,,,MIN,1,1,2,0,0,0,0,0,0,0,0,0,0,0,0,0,0,0,0,1,2023/11/15 19:08,2022y,
1683,Mario Feliciano,23,,,MIL,0,2,2,5,4,0,1,0,0,0,0,0,0,1,1,0,0,0,0,1,2023/11/15 19:08,2022y,
1684,Grayson Greiner,29,,,ARI,0,2,2,8,6,0,1,0,0,0,0,0,0,2,3,0,0,0,0,1,2023/11/15 19:08,2022y,
1685,Tommy Hunter,35,,,NYM,0,1,2,0,0,0,0,0,0,0,0,0,0,0,0,0,0,0,0,1,2023/11/15 19:08,2022y,
1686,Khalil Lee*,24,,,NYM,0,8,2,2,2,1,1,0,0,1,3,0,0,0,0,0,0,0,0,1,2023/11/15 19:08,2022y,
1687,Josh Lester*,27,,,DET,1,5,2,5,5,0,0,0,0,0,0,0,0,0,3,0,0,0,0,1,2023/11/15 19:08,2022y,
1688,Adonis Medina,25,,,NYM,0,1,2,0,0,0,0,0,0,0,0,0,0,0,0,0,0,0,0,1,2023/11/15 19:08,2022y,
1689,Mark Melancon,37,,,ARI,0,1,2,0,0,0,0,0,0,0,0,0,0,0,0,0,0,0,0,1,2023/11/15 19:08,2022y,
1690,Taylor Motter,32,,,CIN,0,5,2,6,6,0,1,0,0,0,0,0,0,0,3,0,0,0,0,1,2023/11/15 19:08,2022y,
1691,Kyle Nelson*,25,,,ARI,0,1,2,0,0,0,0,0,0,0,0,0,0,0,0,0,0,0,0,1,2023/11/15 19:08,2022y,
1692,Brian O'Keefe,28,,,SEA,1,2,2,4,3,0,1,0,0,0,0,0,0,1,2,0,0,0,0,1,2023/11/15 19:08,2022y,
1693,Joel Payamps,28,,,TOT,1,1,2,0,0,0,0,0,0,0,0,0,0,0,0,0,0,0,0,1,2023/11/15 19:08,2022y,
1694,Cionel Perez,26,,,BAL,1,1,2,0,0,0,0,0,0,0,0,0,0,0,0,0,0,0,0,1,2023/11/15 19:08,2022y,
1695,Sean Poppen,28,,,ARI,0,1,2,0,0,0,0,0,0,0,0,0,0,0,0,0,0,0,0,1,2023/11/15 19:08,2022y,
1696,Jake Reed,29,,,TOT,2,1,2,0,0,0,0,0,0,0,0,0,0,0,0,0,0,0,0,1,2023/11/15 19:08,2022y,
1697,JT Riddle*,30,,,CIN,0,5,2,4,4,0,1,0,0,0,0,0,0,0,1,0,0,0,0,1,2023/11/15 19:08,2022y,
1698,David Robertson,37,,,TOT,0,1,2,1,1,0,0,0,0,0,0,0,0,0,1,0,0,0,0,1,2023/11/15 19:08,2022y,
1699,Kramer Robertson,27,,,STL,0,10,2,1,1,0,0,0,0,0,1,0,0,0,0,0,0,0,0,1,2023/11/15 19:08,2022y,
1700,Joely Rodriguez*,30,,,NYM,0,1,2,0,0,0,0,0,0,0,0,0,0,0,0,0,0,0,0,1,2023/11/15 19:08,2022y,
1701,Collin Snider,26,,,KCR,1,1,2,0,0,0,0,0,0,0,0,0,0,0,0,0,0,0,0,1,2023/11/15 19:08,2022y,
1702,Josh Staumont,28,,,KCR,1,1,2,0,0,0,0,0,0,0,0,0,0,0,0,0,0,0,0,1,2023/11/15 19:08,2022y,
1703,Dillon Tate,28,,,BAL,1,1,2,0,0,0,0,0,0,0,0,0,0,0,0,0,0,0,0,1,2023/11/15 19:08,2022y,
1704,Caleb Thielbar,35,,,MIN,1,1,2,0,0,0,0,0,0,0,0,0,0,0,0,0,0,0,0,1,2023/11/15 19:08,2022y,
1705,Trevor Williams,30,,,NYM,0,1,2,0,0,0,0,0,0,0,0,0,0,0,0,0,0,0,0,1,2023/11/15 19:08,2022y,
1706,Tony Wolters*,30,,,LAD,0,4,2,4,4,0,0,0,0,0,0,0,0,0,3,0,0,0,0,1,2023/11/15 19:08,2022y,
1707,Albert Abreu,26,,,TOT,1,1,1,0,0,0,0,0,0,0,0,0,0,0,0,0,0,0,0,1,2023/11/15 19:08,2022y,
1708,Scott Alexander*,32,,,SFG,0,1,1,0,0,0,0,0,0,0,0,0,0,0,0,0,0,0,0,1,2023/11/15 19:08,2022y,
1709,Jose Alvarado*,27,,,PHI,0,1,1,1,1,0,0,0,0,0,0,0,0,0,1,0,0,0,0,1,2023/11/15 19:08,2022y,
1710,Mark Appel,30,,,PHI,0,1,1,0,0,0,0,0,0,0,0,0,0,0,0,0,0,0,0,1,2023/11/15 19:08,2022y,
1711,Joe Barlow,26,,,TEX,1,1,1,0,0,0,0,0,0,0,0,0,0,0,0,0,0,0,0,1,2023/11/15 19:08,2022y,
1712,Anthony Bass,34,,,TOT,2,1,1,0,0,0,0,0,0,0,0,0,0,0,0,0,0,0,0,1,2023/11/15 19:08,2022y,
1713,David Bednar*,27,,,PIT,0,1,1,0,0,0,0,0,0,0,0,0,0,0,0,0,0,0,0,1,2023/11/15 19:08,2022y,
1714,Andrew Bellatti,30,,,PHI,0,1,1,0,0,0,0,0,0,0,0,0,0,0,0,0,0,0,0,1,2023/11/15 19:08,2022y,
1715,Travis Blankenhorn*,25,,,NYM,0,10,1,3,3,0,0,0,0,0,0,0,0,0,1,0,0,0,0,1,2023/11/15 19:08,2022y,
1716,Richard Bleier*,35,,,MIA,0,1,1,0,0,0,0,0,0,0,0,0,0,0,0,0,0,0,0,1,2023/11/15 19:08,2022y,
1717,Ronald Bolanos,25,,,KCR,1,1,1,0,0,0,0,0,0,0,0,0,0,0,0,0,0,0,0,1,2023/11/15 19:08,2022y,
1718,Rob Brantly*,32,,,NYY,1,2,1,3,3,0,1,1,0,0,0,0,0,0,0,0,0,0,0,1,2023/11/15 19:08,2022y,
1719,Matt Brash,24,,,SEA,1,1,1,0,0,0,0,0,0,0,0,0,0,0,0,0,0,0,0,1,2023/11/15 19:08,2022y,
1720,Justin Bruihl*,25,,,LAD,0,1,1,0,0,0,0,0,0,0,0,0,0,0,0,0,0,0,0,1,2023/11/15 19:08,2022y,
1721,Aaron Bummer*,28,,,CHW,1,1,1,0,0,0,0,0,0,0,0,0,0,0,0,0,0,0,0,1,2023/11/15 19:08,2022y,
1722,Alex Colome,33,,,COL,0,0,0,0,0,0,0,0,0,0,0,0,0,0,0,0,0,0,1,1,2023/11/15 19:08,2022y,
1723,Ronnie Dawson*,27,,,CIN,0,10,1,3,3,0,0,0,0,0,0,0,0,0,2,0,0,0,0,1,2023/11/15 19:08,2022y,
1724,Enyel De Los Santos,26,,,CLE,1,1,1,0,0,0,0,0,0,0,0,0,0,0,0,0,0,0,0,1,2023/11/15 19:08,2022y,
1725,Yusniel Diaz,25,,,BAL,1,10,1,1,1,0,0,0,0,0,0,0,0,0,1,0,0,0,0,1,2023/11/15 19:08,2022y,
1726,Carlos Estevez,29,,,COL,0,1,1,0,0,0,0,0,0,0,0,0,0,0,0,0,0,0,0,1,2023/11/15 19:08,2022y,
1727,Jeurys Familia,32,,,TOT,2,1,1,0,0,0,0,0,0,0,0,0,0,0,0,0,0,0,0,1,2023/11/15 19:08,2022y,
1728,Dylan Floro*,31,,,MIA,0,1,1,0,0,0,0,0,0,0,0,0,0,0,0,0,0,0,0,1,2023/11/15 19:08,2022y,
1729,Matt Foster,27,,,CHW,1,1,1,0,0,0,0,0,0,0,0,0,0,0,0,0,0,0,0,1,2023/11/15 19:08,2022y,
1730,Michael Fulmer,29,,,TOT,1,1,1,0,0,0,0,0,0,0,0,0,0,0,0,0,0,0,0,1,2023/11/15 19:08,2022y,
1731,Rico Garcia,28,,,BAL,1,1,1,0,0,0,0,0,0,0,0,0,0,0,0,0,0,0,0,1,2023/11/15 19:08,2022y,
1732,Lucas Gilbreath*,26,,,COL,0,1,1,0,0,0,0,0,0,0,0,0,0,0,0,0,0,0,0,1,2023/11/15 19:08,2022y,
1733,Kevin Ginkel*,28,,,ARI,0,1,1,0,0,0,0,0,0,0,0,0,0,0,0,0,0,0,0,1,2023/11/15 19:08,2022y,
1734,Mychal Givens,32,,,TOT,0,1,1,0,0,0,0,0,0,0,0,0,0,0,0,0,0,0,0,1,2023/11/15 19:08,2022y,
1735,Kendall Graveman,31,,,CHW,1,1,1,0,0,0,0,0,0,0,0,0,0,0,0,0,0,0,0,1,2023/11/15 19:08,2022y,
1736,Justin Grimm,33,,,OAK,1,1,1,0,0,0,0,0,0,0,0,0,0,0,0,0,0,0,0,1,2023/11/15 19:08,2022y,
1737,Liam Hendriks,33,,,CHW,1,1,1,0,0,0,0,0,0,0,0,0,0,0,0,0,0,0,0,1,2023/11/15 19:08,2022y,
1738,Ryan Hendrix,27,,,CIN,0,1,1,0,0,0,0,0,0,0,0,0,0,0,0,0,0,0,0,1,2023/11/15 19:08,2022y,
1739,Carlos Hernandez,25,,,KCR,1,1,1,0,0,0,0,0,0,0,0,0,0,0,0,0,0,0,0,1,2023/11/15 19:08,2022y,
1740,Jeff Hoffman,29,,,CIN,0,1,1,0,0,0,0,0,0,0,0,0,0,0,0,0,0,0,0,1,2023/11/15 19:08,2022y,
1741,Brandon Hughes,26,,,CHC,0,1,1,0,0,0,0,0,0,0,0,0,0,0,0,0,0,0,0,1,2023/11/15 19:08,2022y,
1742,Taylor Jones,28,,,HOU,1,10,1,1,1,0,0,0,0,0,0,0,0,0,0,0,0,0,0,1,2023/11/15 19:08,2022y,
1743,James Kaprielian,28,,,OAK,1,1,1,0,0,0,0,0,0,0,0,0,0,0,0,0,0,0,0,1,2023/11/15 19:08,2022y,
1744,Ian Kennedy,37,,,ARI,0,1,1,0,0,0,0,0,0,0,0,0,0,0,0,0,0,0,0,1,2023/11/15 19:08,2022y,
1745,Craig Kimbrel,34,,,LAD,0,1,1,0,0,0,0,0,0,0,0,0,0,0,0,0,0,0,0,1,2023/11/15 19:08,2022y,
1746,Scott Kingery,28,,,PHI,0,4,1,0,0,0,0,0,0,0,0,0,0,0,0,0,0,0,0,1,2023/11/15 19:08,2022y,
1747,Joey Krehbiel,29,,,BAL,1,1,1,0,0,0,0,0,0,0,0,0,0,0,0,0,0,0,0,1,2023/11/15 19:08,2022y,
1748,Joel Kuhnel,27,,,CIN,0,1,1,0,0,0,0,0,0,0,0,0,0,0,0,0,0,0,0,1,2023/11/15 19:08,2022y,
1749,Jimmy Lambert,27,,,CHW,1,1,1,0,0,0,0,0,0,0,0,0,0,0,0,0,0,0,0,1,2023/11/15 19:08,2022y,
1750,Jack Larsen*,27,,,SEA,1,9,1,1,1,0,0,0,0,0,0,0,0,0,1,0,0,0,0,1,2023/11/15 19:08,2022y,
1751,Matthew Liberatore*,22,,,STL,0,1,1,0,0,0,0,0,0,0,0,0,0,0,0,0,0,0,0,1,2023/11/15 19:08,2022y,
1752,Jonathan Loaisiga,27,,,NYY,1,1,1,0,0,0,0,0,0,0,0,0,0,0,0,0,0,0,0,1,2023/11/15 19:08,2022y,
1753,Reynaldo Lopez,28,,,CHW,1,1,1,0,0,0,0,0,0,0,0,0,0,0,0,0,0,0,0,1,2023/11/15 19:08,2022y,
1754,Seth Lugo,32,,,NYM,0,1,1,0,0,0,0,0,0,0,0,0,0,0,0,0,0,0,0,1,2023/11/15 19:08,2022y,
1755,Daniel Lynch*,25,,,KCR,1,1,1,0,0,0,0,0,0,0,0,0,0,0,0,0,0,0,0,1,2023/11/15 19:08,2022y,
1756,Joe Mantiply,31,,,ARI,0,1,1,0,0,0,0,0,0,0,0,0,0,0,0,0,0,0,0,1,2023/11/15 19:08,2022y,
1757,Brett Martin*,27,,,TEX,1,1,1,0,0,0,0,0,0,0,0,0,0,0,0,0,0,0,0,1,2023/11/15 19:08,2022y,
1758,Chris Martin,36,,,TOT,0,1,1,0,0,0,0,0,0,0,0,0,0,0,0,0,0,0,0,1,2023/11/15 19:08,2022y,
1759,Keynan Middleton,28,,,ARI,0,1,1,0,0,0,0,0,0,0,0,0,0,0,0,0,0,0,0,1,2023/11/15 19:08,2022y,
1760,Alec Mills,30,,,CHC,0,1,1,0,0,0,0,0,0,0,0,0,0,0,0,0,0,0,0,1,2023/11/15 19:08,2022y,
1761,Wyatt Mills,27,,,TOT,1,1,1,0,0,0,0,0,0,0,0,0,0,0,0,0,0,0,0,1,2023/11/15 19:08,2022y,
1762,Nate Mondou*,27,,,OAK,1,4,1,3,2,0,0,0,0,0,0,0,0,1,1,0,0,0,0,1,2023/11/15 19:08,2022y,
1763,Dauri Moreta,26,,,CIN,0,1,1,0,0,0,0,0,0,0,0,0,0,0,0,0,0,0,0,1,2023/11/15 19:08,2022y,
1764,Reyes Moronta,29,,,TOT,0,1,1,0,0,0,0,0,0,0,0,0,0,0,0,0,0,0,0,1,2023/11/15 19:08,2022y,
1765,Penn Murfee,28,,,SEA,1,1,1,0,0,0,0,0,0,0,0,0,0,0,0,0,0,0,0,1,2023/11/15 19:08,2022y,
1766,Andrew Nardi*,23,,,MIA,0,1,1,0,0,0,0,0,0,0,0,0,0,0,0,0,0,0,0,1,2023/11/15 19:08,2022y,
1767,Daniel Norris*,29,,,TOT,2,1,1,0,0,0,0,0,0,0,0,0,0,0,0,0,0,0,0,1,2023/11/15 19:08,2022y,
1768,Steven Okert*,30,,,MIA,0,1,1,0,0,0,0,0,0,0,0,0,0,0,0,0,0,0,0,1,2023/11/15 19:08,2022y,
1769,Liover Peguero,21,,,PIT,0,6,1,4,3,0,1,0,0,0,0,0,0,1,2,0,0,0,0,1,2023/11/15 19:08,2022y,
1770,Joe Perez,22,,,HOU,1,5,1,1,1,0,0,0,0,0,0,0,0,0,1,0,0,0,0,1,2023/11/15 19:08,2022y,
1771,Evan Phillips,27,,,LAD,0,1,1,1,0,0,0,0,0,0,0,0,0,1,0,0,0,0,0,1,2023/11/15 19:08,2022y,
1772,Zach Pop,25,,,TOT,2,1,1,0,0,0,0,0,0,0,0,0,0,0,0,0,0,0,0,1,2023/11/15 19:08,2022y,
1773,David Price*,36,,,LAD,0,1,1,0,0,0,0,0,0,0,0,0,0,0,0,0,0,0,0,1,2023/11/15 19:08,2022y,
1774,Noe Ramirez,32,,,ARI,0,1,1,0,0,0,0,0,0,0,0,0,0,0,0,0,0,0,0,1,2023/11/15 19:08,2022y,
1775,Taylor Rogers*,31,,,TOT,0,1,1,0,0,0,0,0,0,0,0,0,0,0,0,0,0,0,0,1,2023/11/15 19:08,2022y,
1776,JoJo Romero*,25,,,TOT,0,1,1,0,0,0,0,0,0,0,0,0,0,0,0,0,0,0,0,1,2023/11/15 19:08,2022y,
1777,Reiver Sanmartin*,26,,,CIN,0,1,1,2,2,0,0,0,0,0,0,0,0,0,1,0,0,0,0,1,2023/11/15 19:08,2022y,
1778,Clarke Schmidt,26,,,NYY,1,1,1,0,0,0,0,0,0,0,0,0,0,0,0,0,0,0,0,1,2023/11/15 19:08,2022y,
1779,Anderson Severino*,27,,,CHW,1,1,1,0,0,0,0,0,0,0,0,0,0,0,0,0,0,0,0,1,2023/11/15 19:08,2022y,
1780,Bryan Shaw,34,,,CLE,1,1,1,0,0,0,0,0,0,0,0,0,0,0,0,0,0,0,0,1,2023/11/15 19:08,2022y,
1781,Chasen Shreve*,31,,,NYM,0,1,1,0,0,0,0,0,0,0,0,0,0,0,0,0,0,0,0,1,2023/11/15 19:08,2022y,
1782,Cory Spangenberg*,31,,,STL,0,5,1,0,0,0,0,0,0,0,0,0,0,0,0,0,0,0,0,1,2023/11/15 19:08,2022y,
1783,Drew Steckenrider,31,,,SEA,1,1,1,0,0,0,0,0,0,0,0,0,0,0,0,0,0,0,0,1,2023/11/15 19:08,2022y,
1784,Jackson Stephens,28,,,ATL,0,1,1,0,0,0,0,0,0,0,0,0,0,0,0,0,0,0,0,1,2023/11/15 19:08,2022y,
1785,Hunter Strickland,33,,,CIN,0,1,1,0,0,0,0,0,0,0,0,0,0,0,0,0,0,0,0,1,2023/11/15 19:08,2022y,
1786,Cole Sulser,32,,,MIA,0,1,1,0,0,0,0,0,0,0,0,0,0,0,0,0,0,0,0,1,2023/11/15 19:08,2022y,
1787,Ka'ai Tom*,28,,,SFG,0,10,1,1,1,0,0,0,0,0,0,0,0,0,0,0,0,0,0,1,2023/11/15 19:08,2022y,
1788,Chadwick Tromp,27,,,ATL,0,2,1,4,4,0,3,2,0,0,3,0,0,0,0,0,0,0,0,1,2023/11/15 19:08,2022y,
1789,Luke Weaver,28,,,TOT,2,1,1,0,0,0,0,0,0,0,0,0,0,0,0,0,0,0,0,1,2023/11/15 19:08,2022y,
1790,J.B. Wendelken,29,,,ARI,0,1,1,0,0,0,0,0,0,0,0,0,0,0,0,0,0,0,0,1,2023/11/15 19:08,2022y,
